{"parent":"block/block","textures":{"particle":"ae2:block/quantum_ring","sides":"ae2:block/quantum_ring"},"elements":[{"from":[2.0,2.0,2.0],"to":[14.0,14.0,14.0],"shade":false,"faces":{"down":{"texture":"#sides","rotation":0,"tintindex":0},"up":{"texture":"#sides","rotation":0,"tintindex":0},"north":{"texture":"#sides","rotation":0,"tintindex":0},"east":{"texture":"#sides","rotation":0,"tintindex":0},"south":{"texture":"#sides","rotation":0,"tintindex":0},"west":{"texture":"#sides","rotation":0,"tintindex":0}}}]}