{"parent":"block/block","textures":{"inside":"ae2:block/drive/drive_inside","particle":"ae2:block/drive/drive_side","side":"ae2:block/drive/drive_side","bottom":"ae2:block/drive/drive_bottom","top":"ae2:block/drive/drive_top","front":"ae2:block/drive/drive_front"},"elements":[{"from":[0.0,1.0,0.0],"to":[1.0,15.0,16.0],"shade":false,"faces":{"north":{"uv":[15.0,1.0,16.0,15.0],"texture":"#front","cullface":"north","rotation":0,"tintindex":0},"east":{"uv":[0.0,0.0,16.0,16.0],"texture":"#inside","cullface":"north","rotation":180,"tintindex":0},"south":{"uv":[0.0,1.0,1.0,15.0],"texture":"#side","cullface":"south","rotation":0,"tintindex":0},"west":{"uv":[0.0,1.0,16.0,15.0],"texture":"#side","cullface":"west","rotation":0,"tintindex":0}}},{"from":[15.0,1.0,0.0],"to":[16.0,15.0,16.0],"shade":false,"faces":{"north":{"uv":[0.0,1.0,1.0,15.0],"texture":"#front","cullface":"north","rotation":0,"tintindex":0},"east":{"uv":[0.0,1.0,16.0,15.0],"texture":"#side","cullface":"east","rotation":0,"tintindex":0},"south":{"uv":[15.0,1.0,16.0,15.0],"texture":"#side","cullface":"south","rotation":0,"tintindex":0},"west":{"uv":[0.0,0.0,16.0,16.0],"texture":"#inside","cullface":"north","rotation":0,"tintindex":0}}},{"from":[1.0,1.0,7.0],"to":[15.0,15.0,16.0],"rotation":{"origin":[8.0,8.0,9.0],"axis":"y","angle":0.0,"rescale":false},"shade":false,"faces":{"north":{"uv":[15.0,1.0,16.0,15.0],"texture":"#inside","rotation":0,"tintindex":0},"south":{"uv":[1.0,1.0,15.0,15.0],"texture":"#side","cullface":"south","rotation":0,"tintindex":0}}},{"from":[0.0,0.0,0.0],"to":[16.0,1.0,16.0],"shade":false,"faces":{"north":{"uv":[0.0,15.0,16.0,16.0],"texture":"#front","cullface":"north","rotation":0,"tintindex":0},"east":{"uv":[0.0,15.0,16.0,16.0],"texture":"#side","cullface":"east","rotation":0,"tintindex":0},"south":{"uv":[0.0,15.0,16.0,16.0],"texture":"#side","cullface":"south","rotation":0,"tintindex":0},"west":{"uv":[0.0,15.0,16.0,16.0],"texture":"#side","cullface":"west","rotation":0,"tintindex":0},"up":{"uv":[0.0,0.0,16.0,16.0],"texture":"#inside","cullface":"north","rotation":90,"tintindex":0},"down":{"uv":[0.0,0.0,16.0,16.0],"texture":"#bottom","cullface":"down","rotation":0,"tintindex":0}}},{"from":[0.0,15.0,0.0],"to":[16.0,16.0,16.0],"shade":false,"faces":{"north":{"uv":[0.0,0.0,16.0,1.0],"texture":"#front","cullface":"north","rotation":0,"tintindex":0},"east":{"uv":[0.0,0.0,16.0,1.0],"texture":"#side","cullface":"east","rotation":0,"tintindex":0},"south":{"uv":[0.0,0.0,16.0,1.0],"texture":"#side","cullface":"south","rotation":0,"tintindex":0},"west":{"uv":[0.0,0.0,16.0,1.0],"texture":"#side","cullface":"west","rotation":0,"tintindex":0},"up":{"uv":[0.0,0.0,16.0,16.0],"texture":"#top","cullface":"up","rotation":0,"tintindex":0},"down":{"uv":[0.0,0.0,16.0,16.0],"texture":"#inside","cullface":"north","rotation":270,"tintindex":0}}},{"from":[7.0,1.0,1.0],"to":[9.0,15.0,7.0],"shade":false,"faces":{"north":{"uv":[7.0,1.0,9.0,15.0],"texture":"#front","cullface":"north","rotation":0,"tintindex":0},"east":{"uv":[1.0,1.0,7.0,15.0],"texture":"#inside","cullface":"north","rotation":180,"tintindex":0},"west":{"uv":[1.0,1.0,7.0,15.0],"texture":"#inside","cullface":"north","rotation":0,"tintindex":0}}},{"from":[1.0,3.0,2.0],"to":[15.0,4.0,7.0],"shade":false,"faces":{"north":{"uv":[1.0,12.0,15.0,13.0],"texture":"#front","cullface":"north","rotation":0,"tintindex":0},"up":{"uv":[2.0,1.0,7.0,15.0],"texture":"#inside","cullface":"north","rotation":90,"tintindex":0},"down":{"uv":[2.0,1.0,7.0,15.0],"texture":"#inside","cullface":"north","rotation":270,"tintindex":0}}},{"from":[1.0,6.0,2.0],"to":[15.0,7.0,7.0],"shade":false,"faces":{"north":{"uv":[1.0,9.0,15.0,10.0],"texture":"#front","cullface":"north","rotation":0,"tintindex":0},"up":{"uv":[2.0,1.0,7.0,15.0],"texture":"#inside","cullface":"north","rotation":90,"tintindex":0},"down":{"uv":[2.0,1.0,7.0,15.0],"texture":"#inside","cullface":"north","rotation":270,"tintindex":0}}},{"from":[1.0,9.0,2.0],"to":[15.0,10.0,7.0],"shade":false,"faces":{"north":{"uv":[1.0,6.0,15.0,7.0],"texture":"#front","cullface":"north","rotation":0,"tintindex":0},"up":{"uv":[2.0,1.0,7.0,15.0],"texture":"#inside","cullface":"north","rotation":90,"tintindex":0},"down":{"uv":[2.0,1.0,7.0,15.0],"texture":"#inside","cullface":"north","rotation":270,"tintindex":0}}},{"from":[1.0,12.0,2.0],"to":[15.0,13.0,7.0],"shade":false,"faces":{"north":{"uv":[1.0,3.0,15.0,4.0],"texture":"#front","cullface":"north","rotation":0,"tintindex":0},"up":{"uv":[2.0,1.0,7.0,15.0],"texture":"#inside","cullface":"north","rotation":90,"tintindex":0},"down":{"uv":[2.0,1.0,7.0,15.0],"texture":"#inside","cullface":"north","rotation":270,"tintindex":0}}}]}