{"parent":"ae2:item/part_base","textures":{"sides":"ae2:part/plane_sides","plane":"ae2:part/annihilation_plane"},"elements":[{"from":[1.0,1.0,8.0],"to":[15.0,15.0,9.0],"shade":false,"faces":{"north":{"texture":"plane","rotation":0,"tintindex":0},"south":{"texture":"sides","rotation":0,"tintindex":0},"east":{"texture":"sides","rotation":0,"tintindex":0},"west":{"texture":"sides","rotation":0,"tintindex":0},"up":{"texture":"sides","rotation":0,"tintindex":0},"down":{"texture":"sides","rotation":0,"tintindex":0}}},{"from":[5.0,5.0,9.0],"to":[11.0,11.0,10.0],"shade":false,"faces":{"east":{"texture":"sides","rotation":0,"tintindex":0},"south":{"texture":"sides","rotation":0,"tintindex":0},"west":{"texture":"sides","rotation":0,"tintindex":0},"up":{"texture":"sides","rotation":0,"tintindex":0},"down":{"texture":"sides","rotation":0,"tintindex":0}}}]}