{"parent":"ae2:item/part_base","textures":{"all":"ae2:part/cable_anchor","particle":"ae2:part/cable_anchor"},"elements":[{"from":[7.0,7.0,5.0],"to":[9.0,9.0,11.0],"shade":false,"faces":{"north":{"texture":"#all","rotation":0,"tintindex":0},"east":{"texture":"#all","rotation":0,"tintindex":0},"south":{"texture":"#all","rotation":0,"tintindex":0},"west":{"texture":"#all","rotation":0,"tintindex":0},"up":{"texture":"#all","rotation":0,"tintindex":0},"down":{"texture":"#all","rotation":0,"tintindex":0}}}]}