{"parent":"ae2:item/part_base","textures":{},"elements":[{"from":[4.0,4.0,2.0],"to":[12.0,12.0,14.0],"shade":false,"faces":{"north":{"uv":[4.0,4.0,12.0,11.0],"texture":"#base","rotation":0,"tintindex":0},"east":{"uv":[0.0,4.0,4.0,12.0],"texture":"#base","rotation":0,"tintindex":0},"south":{"uv":[11.0,4.0,4.0,12.0],"texture":"#base","rotation":0,"tintindex":0},"west":{"uv":[4.0,4.0,0.0,12.0],"texture":"#base","rotation":0,"tintindex":0},"up":{"uv":[4.0,0.0,12.0,5.0],"texture":"#base","rotation":0,"tintindex":0},"down":{"uv":[4.0,12.0,12.0,16.0],"texture":"#base","rotation":0,"tintindex":0}}}]}