{"parent":"ae2:item/part_base","textures":{"sides":"ae2:part/monitor_sides","back":"ae2:part/monitor_back","front_medium_bright":"ae2:part/monitor_colored"},"elements":[{"from":[2.0,2.0,8.0],"to":[14.0,14.0,9.0],"shade":false,"faces":{"north":{"texture":"#front","rotation":0,"tintindex":0},"south":{"texture":"#back","rotation":0,"tintindex":0},"east":{"texture":"#sides","rotation":0,"tintindex":0},"west":{"texture":"#sides","rotation":0,"tintindex":0},"up":{"texture":"#sides","rotation":0,"tintindex":0},"down":{"texture":"#sides","rotation":0,"tintindex":0}}},{"from":[2.0,2.0,8.0],"to":[14.0,14.0,9.0],"shade":false,"faces":{"north":{"texture":"#front_bright","rotation":0,"tintindex":3}}},{"from":[2.0,2.0,8.0],"to":[14.0,14.0,9.0],"shade":false,"faces":{"north":{"texture":"#front_medium_bright","rotation":0,"tintindex":4}}},{"from":[2.0,2.0,8.0],"to":[14.0,14.0,9.0],"shade":false,"faces":{"north":{"texture":"#front_medium","rotation":0,"tintindex":2}}},{"from":[2.0,2.0,8.0],"to":[14.0,14.0,9.0],"shade":false,"faces":{"north":{"texture":"#front_dark","rotation":0,"tintindex":1}}},{"from":[4.0,4.0,9.0],"to":[12.0,12.0,10.0],"shade":false,"faces":{"east":{"texture":"#sides","rotation":0,"tintindex":0},"south":{"texture":"#back","rotation":0,"tintindex":0},"west":{"texture":"#sides","rotation":0,"tintindex":0},"up":{"texture":"#sides","rotation":0,"tintindex":0},"down":{"texture":"#sides","rotation":0,"tintindex":0}}}]}