{"parent":"ae2:item/part_base","textures":{"emitter":"ae2:part/level_emitter_off"},"elements":[{"from":[7.0,6.0,7.0],"to":[9.0,10.0,9.0],"shade":false,"faces":{"north":{"uv":[6.0,7.0,10.0,9.0],"texture":"#emitter","rotation":90,"tintindex":0},"east":{"uv":[6.0,7.0,10.0,9.0],"texture":"#emitter","rotation":90,"tintindex":0},"south":{"uv":[6.0,7.0,10.0,9.0],"texture":"#emitter","rotation":90,"tintindex":0},"west":{"uv":[6.0,7.0,10.0,9.0],"texture":"#emitter","rotation":90,"tintindex":0},"up":{"uv":[6.0,7.0,8.0,9.0],"texture":"#emitter","rotation":0,"tintindex":0},"down":{"uv":[8.0,7.0,10.0,9.0],"texture":"#emitter","rotation":0,"tintindex":0}}}]}