{"parent":"ae2:item/part_base","textures":{"sides":"ae2:part/export_bus_sides","back":"ae2:part/monitor_back","front":"ae2:part/export_bus"},"elements":[{"from":[4.0,4.0,8.0],"to":[12.0,12.0,10.0],"shade":false,"faces":{"north":{"texture":"#front","rotation":0,"tintindex":0},"south":{"texture":"#back","rotation":0,"tintindex":0},"east":{"texture":"#sides","rotation":0,"tintindex":0},"west":{"texture":"#sides","rotation":0,"tintindex":0},"up":{"texture":"#sides","rotation":0,"tintindex":0},"down":{"texture":"#sides","rotation":0,"tintindex":0}}},{"from":[5.0,5.0,7.0],"to":[11.0,11.0,8.0],"shade":false,"faces":{"north":{"texture":"#front","rotation":0,"tintindex":0},"south":{"texture":"#back","rotation":0,"tintindex":0},"east":{"texture":"#sides","rotation":0,"tintindex":0},"west":{"texture":"#sides","rotation":0,"tintindex":0},"up":{"texture":"#sides","rotation":0,"tintindex":0},"down":{"texture":"#sides","rotation":0,"tintindex":0}}},{"from":[6.0,6.0,6.0],"to":[10.0,10.0,7.0],"shade":false,"faces":{"north":{"texture":"#front","rotation":0,"tintindex":0},"south":{"texture":"#back","rotation":0,"tintindex":0},"east":{"texture":"#sides","rotation":0,"tintindex":0},"west":{"texture":"#sides","rotation":0,"tintindex":0},"up":{"texture":"#sides","rotation":0,"tintindex":0},"down":{"texture":"#sides","rotation":0,"tintindex":0}}}]}