{"parent":"ae2:item/part_base","textures":{"sides":"ae2:part/p2p_tunnel_sides","back":"ae2:part/p2p_tunnel_back","front":"ae2:part/p2p_tunnel_front","type":"ae2:block/quartz_block"},"elements":[{"from":[2.0,2.0,7.0],"to":[14.0,14.0,9.0],"shade":false,"faces":{"north":{"texture":"#type","rotation":0,"tintindex":0}}},{"from":[2.0,2.0,7.0],"to":[14.0,14.0,9.0],"shade":false,"faces":{"north":{"texture":"#front","rotation":0,"tintindex":0},"south":{"texture":"#back","rotation":0,"tintindex":0},"east":{"texture":"#sides","rotation":0,"tintindex":0},"west":{"texture":"#sides","rotation":0,"tintindex":0},"up":{"texture":"#sides","rotation":0,"tintindex":0},"down":{"texture":"#sides","rotation":0,"tintindex":0}}}]}