{"textures":{},"display":{"gui":{"rotation":[30.0,225.0,0.0],"translation":[0.0,0.0,0.0],"scale":[0.8,0.8,0.8]},"ground":{"rotation":[0.0,0.0,0.0],"translation":[0.0,3.0,0.0],"scale":[0.25,0.25,0.25]},"fixed":{"rotation":[0.0,0.0,0.0],"translation":[0.0,0.0,0.0],"scale":[0.5,0.5,0.5]},"thirdperson_righthand":{"rotation":[75.0,45.0,0.0],"translation":[0.0,2.5,0.0],"scale":[0.375,0.375,0.375]},"firstperson_righthand":{"rotation":[0.0,45.0,0.0],"translation":[0.0,0.0,0.0],"scale":[0.4,0.4,0.4]},"firstperson_lefthand":{"rotation":[0.0,225.0,0.0],"translation":[0.0,0.0,0.0],"scale":[0.4,0.4,0.4]}}}