{"parent":"block/block","textures":{"metal":"ae2:block/quartz_fixture_metal","quartz":"ae2:block/quartz_fixture"},"elements":[{"from":[6.0,8.0,6.0],"to":[10.0,9.0,10.0],"shade":false,"faces":{"down":{"texture":"#metal","rotation":0,"tintindex":0},"east":{"texture":"#metal","rotation":0,"tintindex":0},"north":{"texture":"#metal","rotation":0,"tintindex":0},"south":{"texture":"#metal","rotation":0,"tintindex":0},"up":{"texture":"#metal","rotation":0,"tintindex":0},"west":{"texture":"#metal","rotation":0,"tintindex":0}}},{"from":[7.0,6.0,7.0],"to":[9.0,8.0,9.0],"shade":false,"faces":{"down":{"texture":"#quartz","rotation":0,"tintindex":0},"east":{"texture":"#quartz","rotation":0,"tintindex":0},"north":{"texture":"#quartz","rotation":0,"tintindex":0},"south":{"texture":"#quartz","rotation":0,"tintindex":0},"up":{"texture":"#quartz","rotation":0,"tintindex":0},"west":{"texture":"#quartz","rotation":0,"tintindex":0}}},{"from":[8.0,5.0,7.0],"to":[9.0,6.0,8.0],"shade":false,"faces":{"down":{"texture":"#quartz","rotation":0,"tintindex":0},"east":{"texture":"#quartz","rotation":0,"tintindex":0},"north":{"texture":"#quartz","rotation":0,"tintindex":0},"south":{"texture":"#quartz","rotation":0,"tintindex":0},"up":{"texture":"#quartz","rotation":0,"tintindex":0},"west":{"texture":"#quartz","rotation":0,"tintindex":0}}},{"from":[7.0,9.0,7.0],"to":[9.0,11.0,9.0],"shade":false,"faces":{"down":{"texture":"#quartz","rotation":0,"tintindex":0},"east":{"texture":"#quartz","rotation":0,"tintindex":0},"north":{"texture":"#quartz","rotation":0,"tintindex":0},"south":{"texture":"#quartz","rotation":0,"tintindex":0},"up":{"texture":"#quartz","rotation":0,"tintindex":0},"west":{"texture":"#quartz","rotation":0,"tintindex":0}}},{"from":[7.0,11.0,8.0],"to":[8.0,12.0,9.0],"shade":false,"faces":{"down":{"texture":"#quartz","rotation":0,"tintindex":0},"east":{"texture":"#quartz","rotation":0,"tintindex":0},"north":{"texture":"#quartz","rotation":0,"tintindex":0},"south":{"texture":"#quartz","rotation":0,"tintindex":0},"up":{"texture":"#quartz","rotation":0,"tintindex":0},"west":{"texture":"#quartz","rotation":0,"tintindex":0}}}]}