{"parent":"block/orientable","textures":{"particle":"ae2:models/skychest","0":"ae2:models/skychest"},"elements":[{"from":[1.0,0.0,1.0],"to":[15.0,10.0,15.0],"shade":false,"faces":{"north":{"uv":[3.5,8.25,7.0,10.75],"texture":"#0","rotation":180,"tintindex":0},"east":{"uv":[0.0,8.25,3.5,10.75],"texture":"#0","rotation":180,"tintindex":0},"south":{"uv":[10.5,8.25,14.0,10.75],"texture":"#0","rotation":180,"tintindex":0},"west":{"uv":[7.0,8.25,10.5,10.75],"texture":"#0","rotation":180,"tintindex":0},"up":{"uv":[3.5,0.0,7.0,3.5],"texture":"#0","rotation":0,"tintindex":0},"down":{"uv":[7.0,0.0,10.5,3.5],"texture":"#0","rotation":0,"tintindex":0}}},{"from":[1.0,10.0,1.0],"to":[15.0,15.0,15.0],"shade":false,"faces":{"north":{"uv":[3.5,3.5,7.0,4.75],"texture":"#0","rotation":180,"tintindex":0},"east":{"uv":[0.0,3.5,3.5,4.75],"texture":"#0","rotation":180,"tintindex":0},"south":{"uv":[10.5,3.5,14.0,4.75],"texture":"#0","rotation":180,"tintindex":0},"west":{"uv":[7.0,3.5,10.5,4.75],"texture":"#0","rotation":180,"tintindex":0},"up":{"uv":[7.0,0.0,10.5,3.5],"texture":"#0","rotation":270,"tintindex":0},"down":{"uv":[7.0,0.0,10.5,3.5],"texture":"#0","rotation":0,"tintindex":0}}},{"from":[7.0,7.0,0.0],"to":[9.0,11.0,1.0],"shade":false,"faces":{"north":{"uv":[0.25,0.25,0.75,1.25],"texture":"#0","rotation":0,"tintindex":0},"east":{"uv":[0.0,0.25,0.25,1.25],"texture":"#0","rotation":0,"tintindex":0},"west":{"uv":[0.75,0.25,1.5,1.25],"texture":"#0","rotation":0,"tintindex":0},"up":{"uv":[0.25,0.0,0.75,0.25],"texture":"#0","rotation":0,"tintindex":0},"down":{"uv":[0.75,0.0,1.5,0.25],"texture":"#0","rotation":0,"tintindex":0}}}]}