{"parent":"ae2:item/part_base","textures":{"channels":"ae2:part/cable/dense_smart/0"},"elements":[{"from":[4.0,4.0,2.0],"to":[12.0,12.0,14.0],"shade":false,"faces":{"north":{"uv":[4.0,4.0,12.0,11.0],"texture":"#base","rotation":0,"tintindex":0},"east":{"uv":[0.0,4.0,4.0,12.0],"texture":"#base","rotation":0,"tintindex":0},"south":{"uv":[11.0,4.0,4.0,12.0],"texture":"#base","rotation":0,"tintindex":0},"west":{"uv":[4.0,4.0,0.0,12.0],"texture":"#base","rotation":0,"tintindex":0},"up":{"uv":[4.0,0.0,12.0,5.0],"texture":"#base","rotation":0,"tintindex":0},"down":{"uv":[4.0,12.0,12.0,16.0],"texture":"#base","rotation":0,"tintindex":0}}},{"from":[4.0,4.0,2.0],"to":[12.0,12.0,14.0],"shade":false,"faces":{"north":{"uv":[5.0,5.0,11.0,11.0],"texture":"#channels","rotation":0,"tintindex":0},"east":{"uv":[0.0,5.0,5.0,11.0],"texture":"#channels","rotation":0,"tintindex":0},"south":{"uv":[11.0,5.0,5.0,11.0],"texture":"#channels","rotation":0,"tintindex":0},"west":{"uv":[5.0,5.0,0.0,11.0],"texture":"#channels","rotation":0,"tintindex":0},"up":{"uv":[5.0,0.0,11.0,5.0],"texture":"#channels","rotation":0,"tintindex":0},"down":{"uv":[5.0,11.0,11.0,16.0],"texture":"#channels","rotation":0,"tintindex":0}}}]}