{"parent":"ae2:item/part_base","textures":{"channelsOdd":"ae2:part/cable/smart/channels_00","channelsEven":"ae2:part/cable/smart/channels_10"},"elements":[{"from":[5.0,5.0,2.0],"to":[11.0,11.0,14.0],"shade":false,"faces":{"north":{"uv":[5.0,5.0,11.0,11.0],"texture":"#base","rotation":0,"tintindex":0},"east":{"uv":[0.0,5.0,5.0,11.0],"texture":"#base","rotation":0,"tintindex":0},"south":{"uv":[11.0,5.0,5.0,11.0],"texture":"#base","rotation":0,"tintindex":0},"west":{"uv":[5.0,5.0,0.0,11.0],"texture":"#base","rotation":0,"tintindex":0},"up":{"uv":[5.0,0.0,11.0,5.0],"texture":"#base","rotation":0,"tintindex":0},"down":{"uv":[5.0,11.0,11.0,16.0],"texture":"#base","rotation":0,"tintindex":0}}},{"from":[5.0,5.0,2.0],"to":[11.0,11.0,14.0],"shade":false,"faces":{"north":{"uv":[5.0,5.0,11.0,11.0],"texture":"#channelsOdd","rotation":0,"tintindex":0},"east":{"uv":[0.0,5.0,5.0,11.0],"texture":"#channelsOdd","rotation":0,"tintindex":0},"south":{"uv":[11.0,5.0,5.0,11.0],"texture":"#channelsOdd","rotation":0,"tintindex":0},"west":{"uv":[5.0,5.0,0.0,11.0],"texture":"#channelsOdd","rotation":0,"tintindex":0},"up":{"uv":[5.0,0.0,11.0,5.0],"texture":"#channelsOdd","rotation":0,"tintindex":0},"down":{"uv":[5.0,11.0,11.0,16.0],"texture":"#channelsOdd","rotation":0,"tintindex":0}}},{"from":[5.0,5.0,2.0],"to":[11.0,11.0,14.0],"shade":false,"faces":{"north":{"uv":[5.0,5.0,11.0,11.0],"texture":"#channelsEven","rotation":0,"tintindex":0},"east":{"uv":[0.0,5.0,5.0,11.0],"texture":"#channelsEven","rotation":0,"tintindex":0},"south":{"uv":[11.0,5.0,5.0,11.0],"texture":"#channelsEven","rotation":0,"tintindex":0},"west":{"uv":[5.0,5.0,0.0,11.0],"texture":"#channelsEven","rotation":0,"tintindex":0},"up":{"uv":[5.0,0.0,11.0,5.0],"texture":"#channelsEven","rotation":0,"tintindex":0},"down":{"uv":[5.0,11.0,11.0,16.0],"texture":"#channelsEven","rotation":0,"tintindex":0}}}]}