{"parent":"ae2:item/part_base","textures":{"bus":"ae2:part/toggle_bus","status":"ae2:part/monitor_sides_status","lights":"ae2:part/monitor_sides_status_off"},"elements":[{"from":[6.0,6.0,10.0],"to":[10.0,10.0,12.0],"shade":false,"faces":{"north":{"texture":"#bus","rotation":0,"tintindex":0},"south":{"texture":"#bus","rotation":0,"tintindex":0},"east":{"texture":"#bus","rotation":0,"tintindex":0},"west":{"texture":"#bus","rotation":0,"tintindex":0},"up":{"texture":"#bus","rotation":0,"tintindex":0},"down":{"texture":"#bus","rotation":0,"tintindex":0}}},{"from":[6.0,6.0,7.0],"to":[10.0,10.0,9.0],"shade":false,"faces":{"north":{"texture":"#bus","rotation":0,"tintindex":0},"south":{"texture":"#bus","rotation":0,"tintindex":0},"east":{"texture":"#bus","rotation":0,"tintindex":0},"west":{"texture":"#bus","rotation":0,"tintindex":0},"up":{"texture":"#bus","rotation":0,"tintindex":0},"down":{"texture":"#bus","rotation":0,"tintindex":0}}},{"from":[6.0,6.0,9.0],"to":[10.0,10.0,10.0],"shade":false,"faces":{"north":{"texture":"#status","rotation":0,"tintindex":0},"south":{"texture":"#status","rotation":0,"tintindex":0},"east":{"texture":"#status","rotation":0,"tintindex":0},"west":{"texture":"#status","rotation":0,"tintindex":0},"up":{"texture":"#status","rotation":0,"tintindex":0},"down":{"texture":"#status","rotation":0,"tintindex":0}}},{"from":[6.0,6.0,9.0],"to":[10.0,10.0,10.0],"shade":false,"faces":{"north":{"texture":"#lights","rotation":0,"tintindex":0},"south":{"texture":"#lights","rotation":0,"tintindex":0},"east":{"texture":"#lights","rotation":0,"tintindex":0},"west":{"texture":"#lights","rotation":0,"tintindex":0},"up":{"texture":"#lights","rotation":0,"tintindex":0},"down":{"texture":"#lights","rotation":0,"tintindex":0}}}]}