{"parent":"block/block","textures":{"particle":"ae2:block/wireless_access_point_inside","inside":"ae2:block/wireless_access_point_inside","sides":"ae2:part/monitor_sides","sidesStatus":"ae2:part/monitor_sides_status","torch":"ae2:block/wireless_access_point","indicator":"ae2:part/monitor_sides_status_off"},"elements":[{"from":[4.875,5.0,5.0],"to":[5.875,11.0,11.0],"rotation":{"origin":[12.875,8.0,8.0],"axis":"y","angle":0.0,"rescale":false},"shade":false,"faces":{"north":{"uv":[12.0,5.0,13.0,11.0],"texture":"#sidesStatus","rotation":0,"tintindex":0},"east":{"uv":[5.0,5.0,11.0,11.0],"texture":"#sides","rotation":0,"tintindex":0},"south":{"uv":[3.0,5.0,4.0,11.0],"texture":"#sidesStatus","rotation":0,"tintindex":0},"west":{"uv":[5.0,5.0,11.0,11.0],"texture":"#sides","rotation":0,"tintindex":0},"up":{"uv":[12.0,5.0,13.0,11.0],"texture":"#sidesStatus","rotation":270,"tintindex":0},"down":{"uv":[12.0,5.0,13.0,11.0],"texture":"#sidesStatus","rotation":90,"tintindex":0}}},{"from":[5.875,5.0,5.0],"to":[6.875,11.0,11.0],"rotation":{"origin":[12.875,8.0,8.0],"axis":"y","angle":0.0,"rescale":false},"shade":false,"faces":{"north":{"uv":[11.0,5.0,12.0,11.0],"texture":"#sides","rotation":0,"tintindex":0},"east":{"uv":[5.0,5.0,11.0,11.0],"texture":"#inside","rotation":0,"tintindex":0},"south":{"uv":[4.0,5.0,5.0,11.0],"texture":"#sides","rotation":0,"tintindex":0},"west":{"uv":[5.0,5.0,11.0,11.0],"texture":"#inside","rotation":0,"tintindex":0},"up":{"uv":[11.0,5.0,12.0,11.0],"texture":"#sides","rotation":270,"tintindex":0},"down":{"uv":[11.0,5.0,12.0,11.0],"texture":"#sides","rotation":90,"tintindex":0}}},{"from":[6.875,10.0,6.0],"to":[8.875,12.0,10.0],"rotation":{"origin":[12.875,8.0,8.0],"axis":"y","angle":0.0,"rescale":false},"shade":false,"faces":{"north":{"uv":[9.0,4.0,11.0,6.0],"texture":"#sides","rotation":0,"tintindex":0},"east":{"uv":[6.0,4.0,10.0,6.0],"texture":"#inside","rotation":0,"tintindex":0},"south":{"uv":[5.0,4.0,7.0,6.0],"texture":"#sides","rotation":0,"tintindex":0},"west":{"uv":[6.0,4.0,10.0,6.0],"texture":"#inside","rotation":0,"tintindex":0},"up":{"uv":[9.0,6.0,11.0,10.0],"texture":"#sides","rotation":270,"tintindex":0},"down":{"uv":[9.0,6.0,11.0,10.0],"texture":"#sides","rotation":90,"tintindex":0}}},{"from":[6.875,4.0,6.0],"to":[8.875,6.0,10.0],"rotation":{"origin":[12.875,8.0,8.0],"axis":"y","angle":0.0,"rescale":false},"shade":false,"faces":{"north":{"uv":[9.0,10.0,11.0,12.0],"texture":"#sides","rotation":0,"tintindex":0},"east":{"uv":[6.0,10.0,10.0,12.0],"texture":"#inside","rotation":0,"tintindex":0},"south":{"uv":[5.0,10.0,7.0,12.0],"texture":"#sides","rotation":0,"tintindex":0},"west":{"uv":[6.0,10.0,10.0,12.0],"texture":"#inside","rotation":0,"tintindex":0},"up":{"uv":[9.0,6.0,11.0,10.0],"texture":"#sides","rotation":270,"tintindex":0},"down":{"uv":[9.0,6.0,11.0,10.0],"texture":"#sides","rotation":90,"tintindex":0}}},{"from":[6.875,6.0,10.0],"to":[8.875,10.0,12.0],"rotation":{"origin":[12.875,8.0,8.0],"axis":"y","angle":0.0,"rescale":false},"shade":false,"faces":{"north":{"uv":[9.0,6.0,11.0,10.0],"texture":"#sides","rotation":0,"tintindex":0},"east":{"uv":[4.0,6.0,6.0,10.0],"texture":"#inside","rotation":0,"tintindex":0},"south":{"uv":[5.0,6.0,7.0,10.0],"texture":"#sides","rotation":0,"tintindex":0},"west":{"uv":[10.0,6.0,12.0,10.0],"texture":"#inside","rotation":0,"tintindex":0},"up":{"uv":[9.0,4.0,11.0,6.0],"texture":"#sides","rotation":270,"tintindex":0},"down":{"uv":[9.0,10.0,11.0,12.0],"texture":"#sides","rotation":90,"tintindex":0}}},{"from":[6.875,6.0,4.0],"to":[8.875,10.0,6.0],"rotation":{"origin":[12.875,8.0,8.0],"axis":"y","angle":0.0,"rescale":false},"shade":false,"faces":{"north":{"uv":[9.0,6.0,11.0,10.0],"texture":"#sides","rotation":0,"tintindex":0},"east":{"uv":[10.0,6.0,12.0,10.0],"texture":"#inside","rotation":0,"tintindex":0},"south":{"uv":[5.0,6.0,7.0,10.0],"texture":"#sides","rotation":0,"tintindex":0},"west":{"uv":[4.0,6.0,6.0,10.0],"texture":"#inside","rotation":0,"tintindex":0},"up":{"uv":[9.0,10.0,11.0,12.0],"texture":"#sides","rotation":270,"tintindex":0},"down":{"uv":[9.0,4.0,11.0,6.0],"texture":"#sides","rotation":90,"tintindex":0}}},{"from":[7.875,12.0,7.0],"to":[10.875,13.0,9.0],"rotation":{"origin":[12.875,8.0,8.0],"axis":"y","angle":0.0,"rescale":false},"shade":false,"faces":{"north":{"uv":[7.0,3.0,10.0,4.0],"texture":"#sides","rotation":0,"tintindex":0},"east":{"uv":[7.0,3.0,9.0,4.0],"texture":"#inside","rotation":0,"tintindex":0},"south":{"uv":[6.0,3.0,9.0,4.0],"texture":"#sides","rotation":0,"tintindex":0},"west":{"uv":[7.0,3.0,9.0,4.0],"texture":"#inside","rotation":0,"tintindex":0},"up":{"uv":[7.0,7.0,10.0,9.0],"texture":"#sides","rotation":270,"tintindex":0},"down":{"uv":[7.0,7.0,10.0,9.0],"texture":"#sides","rotation":90,"tintindex":0}}},{"from":[7.875,3.0,7.0],"to":[10.875,4.0,9.0],"rotation":{"origin":[12.875,8.0,8.0],"axis":"y","angle":0.0,"rescale":false},"shade":false,"faces":{"north":{"uv":[7.0,12.0,10.0,13.0],"texture":"#sides","rotation":0,"tintindex":0},"east":{"uv":[7.0,12.0,9.0,13.0],"texture":"#inside","rotation":0,"tintindex":0},"south":{"uv":[6.0,12.0,9.0,13.0],"texture":"#sides","rotation":0,"tintindex":0},"west":{"uv":[7.0,12.0,9.0,13.0],"texture":"#inside","rotation":0,"tintindex":0},"up":{"uv":[7.0,7.0,10.0,9.0],"texture":"#sides","rotation":270,"tintindex":0},"down":{"uv":[7.0,7.0,10.0,9.0],"texture":"#sides","rotation":90,"tintindex":0}}},{"from":[7.875,7.0,12.0],"to":[10.875,9.0,13.0],"rotation":{"origin":[12.875,8.0,8.0],"axis":"y","angle":0.0,"rescale":false},"shade":false,"faces":{"north":{"uv":[7.0,7.0,10.0,9.0],"texture":"#sides","rotation":0,"tintindex":0},"east":{"uv":[3.0,7.0,4.0,9.0],"texture":"#inside","rotation":0,"tintindex":0},"south":{"uv":[6.0,7.0,9.0,9.0],"texture":"#sides","rotation":0,"tintindex":0},"west":{"uv":[12.0,7.0,13.0,9.0],"texture":"#inside","rotation":0,"tintindex":0},"up":{"uv":[7.0,3.0,10.0,4.0],"texture":"#sides","rotation":270,"tintindex":0},"down":{"uv":[7.0,12.0,10.0,13.0],"texture":"#sides","rotation":90,"tintindex":0}}},{"from":[7.875,7.0,3.0],"to":[10.875,9.0,4.0],"rotation":{"origin":[12.875,8.0,8.0],"axis":"y","angle":0.0,"rescale":false},"shade":false,"faces":{"north":{"uv":[7.0,7.0,10.0,9.0],"texture":"#sides","rotation":0,"tintindex":0},"east":{"uv":[12.0,7.0,13.0,9.0],"texture":"#inside","rotation":0,"tintindex":0},"south":{"uv":[6.0,7.0,9.0,9.0],"texture":"#sides","rotation":0,"tintindex":0},"west":{"uv":[3.0,7.0,4.0,9.0],"texture":"#inside","rotation":0,"tintindex":0},"up":{"uv":[7.0,12.0,10.0,13.0],"texture":"#sides","rotation":270,"tintindex":0},"down":{"uv":[7.0,3.0,10.0,4.0],"texture":"#sides","rotation":90,"tintindex":0}}},{"from":[5.875,7.0,7.0],"to":[13.875,9.0,9.0],"rotation":{"origin":[12.875,8.0,8.0],"axis":"y","angle":0.0,"rescale":false},"shade":false,"faces":{"north":{"uv":[1.0,7.0,9.0,9.0],"texture":"#torch","rotation":180,"tintindex":0},"east":{"uv":[7.0,7.0,9.0,9.0],"texture":"#torch","rotation":270,"tintindex":0},"south":{"uv":[1.0,7.0,9.0,9.0],"texture":"#torch","rotation":0,"tintindex":0},"up":{"uv":[1.0,7.0,9.0,9.0],"texture":"#torch","rotation":0,"tintindex":0},"down":{"uv":[1.0,7.0,9.0,9.0],"texture":"#torch","rotation":0,"tintindex":0}}},{"from":[4.875,5.0,5.0],"to":[5.875,11.0,11.0],"rotation":{"origin":[12.875,8.0,8.0],"axis":"y","angle":0.0,"rescale":false},"shade":false,"faces":{"north":{"uv":[12.0,5.0,13.0,11.0],"texture":"#indicator","rotation":0,"tintindex":0},"south":{"uv":[3.0,5.0,4.0,11.0],"texture":"#indicator","rotation":0,"tintindex":0},"up":{"uv":[12.0,5.0,13.0,11.0],"texture":"#indicator","rotation":270,"tintindex":0},"down":{"uv":[12.0,5.0,13.0,11.0],"texture":"#indicator","rotation":90,"tintindex":0}}}]}