{"credit":"Made with Blockbench","parent":"block/orientable","textures":{"Side":"ae2:block/charger_side","particle":"ae2:block/charger","Main":"ae2:block/charger","Inside":"ae2:block/charger_inside"},"elements":[{"from":[13.0,6.0,6.0],"to":[14.0,10.0,10.0],"shade":false,"faces":{"north":{"uv":[5.0,10.0,11.0,11.0],"texture":"#Inside","rotation":90,"tintindex":0},"east":{"uv":[5.0,5.0,11.0,11.0],"texture":"#Inside","rotation":270,"tintindex":0},"south":{"uv":[5.0,10.0,11.0,11.0],"texture":"#Inside","rotation":270,"tintindex":0},"west":{"uv":[6.0,6.0,10.0,10.0],"texture":"#Inside","rotation":270,"tintindex":0},"up":{"uv":[5.0,10.0,11.0,11.0],"texture":"#Inside","rotation":270,"tintindex":0},"down":{"uv":[5.0,10.0,11.0,11.0],"texture":"#Inside","rotation":270,"tintindex":0}}},{"from":[2.0,6.0,6.0],"to":[3.0,10.0,10.0],"shade":false,"faces":{"north":{"uv":[5.0,10.0,11.0,11.0],"texture":"#Inside","rotation":270,"tintindex":0},"east":{"uv":[6.0,6.0,10.0,10.0],"texture":"#Inside","rotation":90,"tintindex":0},"south":{"uv":[5.0,10.0,11.0,11.0],"texture":"#Inside","rotation":90,"tintindex":0},"west":{"uv":[5.0,5.0,11.0,11.0],"texture":"#Inside","rotation":90,"tintindex":0},"up":{"uv":[5.0,10.0,11.0,11.0],"texture":"#Inside","rotation":90,"tintindex":0},"down":{"uv":[5.0,10.0,11.0,11.0],"texture":"#Inside","rotation":90,"tintindex":0}}},{"from":[5.0,13.0,5.0],"to":[11.0,14.0,11.0],"shade":false,"faces":{"north":{"uv":[5.0,10.0,11.0,11.0],"texture":"#Inside","rotation":0,"tintindex":0},"east":{"uv":[5.0,10.0,11.0,11.0],"texture":"#Inside","rotation":0,"tintindex":0},"south":{"uv":[5.0,10.0,11.0,11.0],"texture":"#Inside","rotation":0,"tintindex":0},"west":{"uv":[5.0,10.0,11.0,11.0],"texture":"#Inside","rotation":0,"tintindex":0},"up":{"uv":[5.0,5.0,11.0,11.0],"texture":"#Inside","rotation":0,"tintindex":0},"down":{"uv":[5.0,5.0,11.0,11.0],"texture":"#Inside","rotation":0,"tintindex":0}}},{"from":[2.0,14.0,2.0],"to":[14.0,16.0,14.0],"shade":false,"faces":{"north":{"uv":[2.0,14.0,14.0,16.0],"texture":"#Main","rotation":0,"tintindex":0},"east":{"uv":[0.0,2.0,2.0,14.0],"texture":"#Main","rotation":270,"tintindex":0},"south":{"uv":[2.0,0.0,14.0,2.0],"texture":"#Main","rotation":180,"tintindex":0},"west":{"uv":[14.0,2.0,16.0,14.0],"texture":"#Main","rotation":90,"tintindex":0},"up":{"uv":[2.0,2.0,14.0,14.0],"texture":"#Main","rotation":180,"tintindex":0},"down":{"uv":[2.0,2.0,14.0,14.0],"texture":"#Inside","rotation":180,"tintindex":0}}},{"from":[5.0,2.0,5.0],"to":[11.0,3.0,11.0],"shade":false,"faces":{"north":{"uv":[5.0,10.0,11.0,11.0],"texture":"#Inside","rotation":180,"tintindex":0},"east":{"uv":[5.0,10.0,11.0,11.0],"texture":"#Inside","rotation":180,"tintindex":0},"south":{"uv":[5.0,10.0,11.0,11.0],"texture":"#Inside","rotation":180,"tintindex":0},"west":{"uv":[5.0,10.0,11.0,11.0],"texture":"#Inside","rotation":180,"tintindex":0},"up":{"uv":[5.0,5.0,11.0,11.0],"texture":"#Inside","rotation":180,"tintindex":0},"down":{"uv":[5.0,5.0,11.0,11.0],"texture":"#Inside","rotation":180,"tintindex":0}}},{"from":[2.0,0.0,2.0],"to":[14.0,2.0,14.0],"shade":false,"faces":{"north":{"uv":[2.0,14.0,14.0,16.0],"texture":"#Main","rotation":180,"tintindex":0},"east":{"uv":[14.0,2.0,16.0,14.0],"texture":"#Main","rotation":270,"tintindex":0},"south":{"uv":[2.0,0.0,14.0,2.0],"texture":"#Main","rotation":0,"tintindex":0},"west":{"uv":[0.0,2.0,2.0,14.0],"texture":"#Main","rotation":90,"tintindex":0},"up":{"uv":[2.0,2.0,14.0,14.0],"texture":"#Inside","rotation":0,"tintindex":0},"down":{"uv":[2.0,2.0,14.0,14.0],"texture":"#Main","rotation":0,"tintindex":0}}},{"from":[4.0,4.0,15.0],"to":[12.0,12.0,16.0],"shade":false,"faces":{"north":{"uv":[4.0,4.0,12.0,12.0],"texture":"#Side","rotation":0,"tintindex":0},"east":{"uv":[0.0,1.0,2.0,15.0],"texture":"#Side","rotation":0,"tintindex":0},"south":{"uv":[4.0,4.0,12.0,12.0],"texture":"#Side","rotation":0,"tintindex":0},"west":{"uv":[14.0,1.0,16.0,15.0],"texture":"#Side","rotation":0,"tintindex":0},"up":{"uv":[4.0,12.0,12.0,13.0],"texture":"#Side","rotation":0,"tintindex":0},"down":{"uv":[4.0,12.0,12.0,13.0],"texture":"#Side","rotation":0,"tintindex":0}}},{"from":[4.0,5.0,14.0],"to":[12.0,11.0,15.0],"shade":false,"faces":{"north":{"uv":[4.0,5.0,12.0,11.0],"texture":"#Side","rotation":0,"tintindex":0},"east":{"uv":[0.0,1.0,2.0,15.0],"texture":"#Side","rotation":0,"tintindex":0},"south":{"uv":[6.0,1.0,10.0,15.0],"texture":"#Side","rotation":0,"tintindex":0},"west":{"uv":[14.0,1.0,16.0,15.0],"texture":"#Side","rotation":0,"tintindex":0},"up":{"uv":[4.0,12.0,12.0,13.0],"texture":"#Side","rotation":0,"tintindex":0},"down":{"uv":[5.0,12.0,11.0,13.0],"texture":"#Side","rotation":0,"tintindex":0}}},{"from":[12.0,0.0,14.0],"to":[14.0,16.0,16.0],"shade":false,"faces":{"north":{"uv":[0.0,0.0,2.0,16.0],"texture":"#Side","rotation":180,"tintindex":0},"east":{"uv":[2.0,0.0,0.0,16.0],"texture":"#Side","rotation":180,"tintindex":0},"south":{"uv":[0.0,0.0,2.0,16.0],"texture":"#Side","rotation":180,"tintindex":0},"west":{"uv":[5.0,0.0,3.0,16.0],"texture":"#Side","rotation":180,"tintindex":0},"up":{"uv":[14.0,14.0,16.0,16.0],"texture":"#Side","rotation":0,"tintindex":0},"down":{"uv":[14.0,0.0,16.0,2.0],"texture":"#Side","rotation":0,"tintindex":0}}},{"from":[2.0,0.0,14.0],"to":[4.0,16.0,16.0],"shade":false,"faces":{"north":{"uv":[0.0,0.0,2.0,16.0],"texture":"#Side","rotation":0,"tintindex":0},"east":{"uv":[5.0,0.0,3.0,16.0],"texture":"#Side","rotation":0,"tintindex":0},"south":{"uv":[0.0,0.0,2.0,16.0],"texture":"#Side","rotation":0,"tintindex":0},"west":{"uv":[2.0,0.0,0.0,16.0],"texture":"#Side","rotation":0,"tintindex":0},"up":{"uv":[14.0,0.0,16.0,2.0],"texture":"#Side","rotation":180,"tintindex":0},"down":{"uv":[14.0,14.0,16.0,16.0],"texture":"#Side","rotation":180,"tintindex":0}}},{"from":[14.0,5.0,5.0],"to":[16.0,11.0,11.0],"shade":false,"faces":{"north":{"uv":[2.0,5.0,4.0,11.0],"texture":"#Side","rotation":0,"tintindex":0},"east":{"uv":[5.0,5.0,11.0,11.0],"texture":"#Side","rotation":0,"tintindex":0},"south":{"uv":[12.0,5.0,14.0,11.0],"texture":"#Side","rotation":0,"tintindex":0},"west":{"uv":[5.0,5.0,11.0,11.0],"texture":"#Main","rotation":0,"tintindex":0},"up":{"uv":[5.0,4.0,11.0,2.0],"texture":"#Side","rotation":270,"tintindex":0},"down":{"uv":[5.0,12.0,11.0,14.0],"texture":"#Side","rotation":270,"tintindex":0}}},{"from":[13.0,7.0,10.0],"to":[15.0,9.0,15.0],"shade":false,"faces":{"north":{"uv":[7.0,15.0,9.0,16.0],"texture":"#Side","rotation":90,"tintindex":0},"east":{"uv":[15.0,5.0,16.0,10.0],"texture":"#Side","rotation":90,"tintindex":0},"south":{"uv":[7.0,15.0,9.0,16.0],"texture":"#Side","rotation":90,"tintindex":0},"west":{"uv":[15.0,5.0,16.0,10.0],"texture":"#Side","rotation":270,"tintindex":0},"up":{"uv":[15.0,5.0,16.0,10.0],"texture":"#Side","rotation":0,"tintindex":0},"down":{"uv":[15.0,5.0,16.0,10.0],"texture":"#Side","rotation":180,"tintindex":0}}},{"from":[12.0,6.0,7.5],"to":[13.0,10.0,8.5],"shade":false,"faces":{"north":{"uv":[6.0,8.0,10.0,9.0],"texture":"#Inside","rotation":90,"tintindex":0},"east":{"uv":[6.0,2.0,10.0,3.0],"texture":"#Inside","rotation":270,"tintindex":0},"south":{"uv":[10.0,8.0,6.0,7.0],"texture":"#Inside","rotation":270,"tintindex":0},"west":{"uv":[6.0,7.0,10.0,8.0],"texture":"#Inside","rotation":270,"tintindex":0},"up":{"uv":[0.0,0.0,1.0,1.0],"texture":"#Inside","rotation":270,"tintindex":0},"down":{"uv":[0.0,0.0,1.0,1.0],"texture":"#Inside","rotation":270,"tintindex":0}}},{"from":[3.0,6.0,7.5],"to":[4.0,10.0,8.5],"shade":false,"faces":{"north":{"uv":[6.0,8.0,10.0,9.0],"texture":"#Inside","rotation":270,"tintindex":0},"east":{"uv":[6.0,7.0,10.0,8.0],"texture":"#Inside","rotation":90,"tintindex":0},"south":{"uv":[10.0,8.0,6.0,7.0],"texture":"#Inside","rotation":90,"tintindex":0},"west":{"uv":[6.0,2.0,10.0,3.0],"texture":"#Inside","rotation":90,"tintindex":0},"up":{"uv":[0.0,0.0,1.0,1.0],"texture":"#Inside","rotation":90,"tintindex":0},"down":{"uv":[0.0,0.0,1.0,1.0],"texture":"#Inside","rotation":90,"tintindex":0}}},{"from":[0.0,5.0,5.0],"to":[2.0,11.0,11.0],"shade":false,"faces":{"north":{"uv":[2.0,5.0,4.0,11.0],"texture":"#Side","rotation":180,"tintindex":0},"east":{"uv":[5.0,5.0,11.0,11.0],"texture":"#Main","rotation":180,"tintindex":0},"south":{"uv":[12.0,5.0,14.0,11.0],"texture":"#Side","rotation":180,"tintindex":0},"west":{"uv":[5.0,5.0,11.0,11.0],"texture":"#Side","rotation":180,"tintindex":0},"up":{"uv":[5.0,12.0,11.0,14.0],"texture":"#Side","rotation":90,"tintindex":0},"down":{"uv":[5.0,4.0,11.0,2.0],"texture":"#Side","rotation":90,"tintindex":0}}},{"from":[1.0,7.0,10.0],"to":[3.0,9.0,15.0],"shade":false,"faces":{"north":{"uv":[7.0,15.0,9.0,16.0],"texture":"#Side","rotation":270,"tintindex":0},"east":{"uv":[15.0,5.0,16.0,10.0],"texture":"#Side","rotation":90,"tintindex":0},"south":{"uv":[7.0,15.0,9.0,16.0],"texture":"#Side","rotation":270,"tintindex":0},"west":{"uv":[15.0,5.0,16.0,10.0],"texture":"#Side","rotation":270,"tintindex":0},"up":{"uv":[15.0,5.0,16.0,10.0],"texture":"#Side","rotation":0,"tintindex":0},"down":{"uv":[15.0,5.0,16.0,10.0],"texture":"#Side","rotation":180,"tintindex":0}}}],"display":{"thirdperson_righthand":{"rotation":[75.0,45.0,0.0],"translation":[0.0,2.5,0.0],"scale":[0.375,0.375,0.375]},"thirdperson_lefthand":{"rotation":[75.0,45.0,0.0],"translation":[0.0,2.5,0.0],"scale":[0.375,0.375,0.375]},"firstperson_righthand":{"rotation":[0.0,45.0,0.0],"scale":[0.4,0.4,0.4]},"firstperson_lefthand":{"rotation":[0.0,225.0,0.0],"scale":[0.4,0.4,0.4]},"ground":{"translation":[0.0,3.0,0.0],"scale":[0.25,0.25,0.25]},"gui":{"rotation":[30.0,225.0,0.0],"scale":[0.625,0.625,0.625]},"fixed":{"scale":[0.5,0.5,0.5]}}}