{"credit":"Made with Blockbench","parent":"block/orientable","textures":{"Inside2":"ae2:block/inscriber_inside_2","particle":"ae2:block/inscriber","Main":"ae2:block/inscriber","Inside":"ae2:block/inscriber_inside"},"elements":[{"from":[0.0,12.0,0.0],"to":[16.0,16.0,16.0],"rotation":{"origin":[8.0,8.0,8.0],"axis":"y","angle":0.0,"rescale":false},"shade":false,"faces":{"north":{"uv":[0.0,0.0,16.0,4.0],"texture":"#Main","rotation":0,"tintindex":0},"east":{"uv":[0.0,0.0,16.0,4.0],"texture":"#Main","rotation":0,"tintindex":0},"south":{"uv":[0.0,0.0,16.0,4.0],"texture":"#Main","rotation":0,"tintindex":0},"west":{"uv":[0.0,0.0,16.0,4.0],"texture":"#Main","rotation":0,"tintindex":0},"up":{"uv":[0.0,0.0,16.0,16.0],"texture":"#Main","rotation":270,"tintindex":0},"down":{"uv":[0.0,0.0,16.0,16.0],"texture":"#Inside","rotation":270,"tintindex":0}}},{"from":[0.0,0.0,0.0],"to":[16.0,4.0,16.0],"rotation":{"origin":[8.0,8.0,8.0],"axis":"y","angle":0.0,"rescale":false},"shade":false,"faces":{"north":{"uv":[0.0,12.0,16.0,16.0],"texture":"#Main","rotation":0,"tintindex":0},"east":{"uv":[0.0,12.0,16.0,16.0],"texture":"#Main","rotation":0,"tintindex":0},"south":{"uv":[0.0,12.0,16.0,16.0],"texture":"#Main","rotation":0,"tintindex":0},"west":{"uv":[0.0,12.0,16.0,16.0],"texture":"#Main","rotation":0,"tintindex":0},"up":{"uv":[0.0,0.0,16.0,16.0],"texture":"#Inside","rotation":90,"tintindex":0},"down":{"uv":[0.0,0.0,16.0,16.0],"texture":"#Main","rotation":90,"tintindex":0}}},{"from":[2.0,4.0,7.0],"to":[3.0,12.0,9.0],"shade":false,"faces":{"north":{"uv":[7.0,3.0,8.0,11.0],"texture":"#Inside2","rotation":0,"tintindex":0},"east":{"uv":[7.0,4.0,9.0,12.0],"texture":"#Inside2","rotation":0,"tintindex":0},"south":{"uv":[8.0,5.0,9.0,13.0],"texture":"#Inside2","rotation":0,"tintindex":0},"west":{"uv":[7.0,4.0,9.0,12.0],"texture":"#Inside2","rotation":0,"tintindex":0},"up":{"uv":[6.0,7.0,7.0,9.0],"texture":"#Inside2","rotation":0,"tintindex":0},"down":{"uv":[6.0,7.0,7.0,9.0],"texture":"#Inside2","rotation":0,"tintindex":0}}},{"from":[0.0,4.0,2.0],"to":[2.0,12.0,14.0],"shade":false,"faces":{"north":{"uv":[0.0,4.0,2.0,12.0],"texture":"#Inside","rotation":180,"tintindex":0},"east":{"uv":[2.0,4.0,14.0,12.0],"texture":"#Inside2","rotation":0,"tintindex":0},"south":{"uv":[0.0,4.0,2.0,12.0],"texture":"#Inside","rotation":0,"tintindex":0},"west":{"uv":[2.0,4.0,14.0,12.0],"texture":"#Main","rotation":0,"tintindex":0},"up":{"uv":[2.0,2.0,4.0,14.0],"texture":"#Inside","rotation":0,"tintindex":0},"down":{"uv":[2.0,2.0,4.0,14.0],"texture":"#Inside","rotation":0,"tintindex":0}}},{"from":[14.0,4.0,2.0],"to":[16.0,12.0,14.0],"shade":false,"faces":{"north":{"uv":[0.0,4.0,2.0,12.0],"texture":"#Inside","rotation":0,"tintindex":0},"east":{"uv":[2.0,4.0,14.0,12.0],"texture":"#Main","rotation":180,"tintindex":0},"south":{"uv":[0.0,4.0,2.0,12.0],"texture":"#Inside","rotation":180,"tintindex":0},"west":{"uv":[2.0,4.0,14.0,12.0],"texture":"#Inside2","rotation":180,"tintindex":0},"up":{"uv":[2.0,2.0,4.0,14.0],"texture":"#Inside","rotation":180,"tintindex":0},"down":{"uv":[2.0,2.0,4.0,14.0],"texture":"#Inside","rotation":180,"tintindex":0}}},{"from":[13.0,4.0,7.0],"to":[14.0,12.0,9.0],"shade":false,"faces":{"north":{"uv":[7.0,3.0,8.0,11.0],"texture":"#Inside2","rotation":180,"tintindex":0},"east":{"uv":[7.0,4.0,9.0,12.0],"texture":"#Inside2","rotation":180,"tintindex":0},"south":{"uv":[8.0,5.0,9.0,13.0],"texture":"#Inside2","rotation":180,"tintindex":0},"west":{"uv":[7.0,4.0,9.0,12.0],"texture":"#Inside2","rotation":180,"tintindex":0},"up":{"uv":[6.0,7.0,7.0,9.0],"texture":"#Inside2","rotation":180,"tintindex":0},"down":{"uv":[6.0,7.0,7.0,9.0],"texture":"#Inside2","rotation":180,"tintindex":0}}},{"from":[4.0,4.0,15.0],"to":[12.0,12.0,16.0],"shade":false,"faces":{"north":{"uv":[4.0,4.0,12.0,12.0],"texture":"#Inside2","rotation":0,"tintindex":0},"east":{"uv":[0.0,4.0,1.0,12.0],"texture":"#Main","rotation":0,"tintindex":0},"south":{"uv":[4.0,4.0,12.0,12.0],"texture":"#Main","rotation":0,"tintindex":0},"west":{"uv":[0.0,4.0,1.0,12.0],"texture":"#Main","rotation":0,"tintindex":0},"up":{"uv":[4.0,3.0,12.0,4.0],"texture":"#Main","rotation":0,"tintindex":0},"down":{"uv":[4.0,3.0,12.0,4.0],"texture":"#Main","rotation":0,"tintindex":0}}},{"from":[7.0,4.0,14.0],"to":[9.0,12.0,15.0],"shade":false,"faces":{"north":{"uv":[7.0,4.0,9.0,12.0],"texture":"#Inside2","rotation":0,"tintindex":0},"east":{"uv":[8.0,5.0,9.0,13.0],"texture":"#Inside2","rotation":0,"tintindex":0},"south":{"uv":[7.0,4.0,9.0,12.0],"texture":"#Inside2","rotation":0,"tintindex":0},"west":{"uv":[7.0,3.0,8.0,11.0],"texture":"#Inside2","rotation":0,"tintindex":0},"up":{"uv":[6.0,7.0,7.0,9.0],"texture":"#Inside2","rotation":270,"tintindex":0},"down":{"uv":[6.0,7.0,7.0,9.0],"texture":"#Inside2","rotation":90,"tintindex":0}}}],"display":{"thirdperson_righthand":{"rotation":[75.0,45.0,0.0],"translation":[0.0,2.5,0.0],"scale":[0.375,0.375,0.375]},"thirdperson_lefthand":{"rotation":[75.0,45.0,0.0],"translation":[0.0,2.5,0.0],"scale":[0.375,0.375,0.375]},"firstperson_righthand":{"rotation":[0.0,45.0,0.0],"scale":[0.4,0.4,0.4]},"firstperson_lefthand":{"rotation":[0.0,225.0,0.0],"scale":[0.4,0.4,0.4]},"ground":{"translation":[0.0,3.0,0.0],"scale":[0.25,0.25,0.25]},"gui":{"rotation":[30.0,225.0,0.0],"scale":[0.625,0.625,0.625]},"fixed":{"scale":[0.5,0.5,0.5]}}}