{"parent":"block/block","textures":{"particle":"ae2:block/molecular_assembler","outside":"ae2:block/molecular_assembler"},"elements":[{"from":[0.0,0.0,0.0],"to":[16.0,16.0,16.0],"shade":false,"faces":{"down":{"texture":"#outside","cullface":"down","rotation":0,"tintindex":0},"up":{"texture":"#outside","cullface":"up","rotation":0,"tintindex":0},"north":{"texture":"#outside","cullface":"north","rotation":0,"tintindex":0},"south":{"texture":"#outside","cullface":"south","rotation":0,"tintindex":0},"west":{"texture":"#outside","cullface":"west","rotation":0,"tintindex":0},"east":{"texture":"#outside","cullface":"east","rotation":0,"tintindex":0}}},{"from":[2.0,0.0,0.0],"to":[14.0,2.0,2.0],"shade":false,"faces":{"up":{"texture":"#outside","rotation":0,"tintindex":0},"south":{"texture":"#outside","rotation":0,"tintindex":0}}},{"from":[2.0,0.0,14.0],"to":[14.0,2.0,16.0],"shade":false,"faces":{"up":{"texture":"#outside","rotation":0,"tintindex":0},"north":{"texture":"#outside","rotation":0,"tintindex":0}}},{"from":[2.0,14.0,0.0],"to":[14.0,16.0,2.0],"shade":false,"faces":{"down":{"texture":"#outside","rotation":0,"tintindex":0},"south":{"texture":"#outside","rotation":0,"tintindex":0}}},{"from":[2.0,14.0,14.0],"to":[14.0,16.0,16.0],"shade":false,"faces":{"down":{"texture":"#outside","rotation":0,"tintindex":0},"north":{"texture":"#outside","rotation":0,"tintindex":0}}},{"from":[0.0,0.0,0.0],"to":[2.0,2.0,16.0],"shade":false,"faces":{"up":{"texture":"#outside","rotation":0,"tintindex":0},"east":{"texture":"#outside","rotation":0,"tintindex":0}}},{"from":[14.0,0.0,0.0],"to":[16.0,2.0,16.0],"shade":false,"faces":{"up":{"texture":"#outside","rotation":0,"tintindex":0},"west":{"texture":"#outside","rotation":0,"tintindex":0}}},{"from":[0.0,14.0,0.0],"to":[2.0,16.0,16.0],"shade":false,"faces":{"down":{"texture":"#outside","rotation":0,"tintindex":0},"east":{"texture":"#outside","rotation":0,"tintindex":0}}},{"from":[14.0,14.0,0.0],"to":[16.0,16.0,16.0],"shade":false,"faces":{"down":{"texture":"#outside","rotation":0,"tintindex":0},"west":{"texture":"#outside","rotation":0,"tintindex":0}}},{"from":[0.0,2.0,0.0],"to":[2.0,14.0,2.0],"shade":false,"faces":{"south":{"texture":"#outside","rotation":0,"tintindex":0},"east":{"texture":"#outside","rotation":0,"tintindex":0}}},{"from":[0.0,2.0,14.0],"to":[2.0,14.0,16.0],"shade":false,"faces":{"north":{"texture":"#outside","rotation":0,"tintindex":0},"east":{"texture":"#outside","rotation":0,"tintindex":0}}},{"from":[14.0,2.0,0.0],"to":[16.0,14.0,2.0],"shade":false,"faces":{"south":{"texture":"#outside","rotation":0,"tintindex":0},"west":{"texture":"#outside","rotation":0,"tintindex":0}}},{"from":[14.0,2.0,14.0],"to":[16.0,14.0,16.0],"shade":false,"faces":{"north":{"texture":"#outside","rotation":0,"tintindex":0},"west":{"texture":"#outside","rotation":0,"tintindex":0}}}]}