{"textures":{"particle":"ae2:block/quartz_fixture","metal":"ae2:block/quartz_fixture_metal","quartz":"ae2:block/quartz_fixture"},"elements":[{"from":[6.0,3.0,6.0],"to":[10.0,4.0,10.0],"shade":false,"faces":{"down":{"texture":"#metal","rotation":0,"tintindex":0},"east":{"texture":"#metal","rotation":0,"tintindex":0},"north":{"texture":"#metal","rotation":0,"tintindex":0},"south":{"texture":"#metal","rotation":0,"tintindex":0},"up":{"texture":"#metal","rotation":0,"tintindex":0},"west":{"texture":"#metal","rotation":0,"tintindex":0}}},{"from":[7.0,1.0,7.0],"to":[9.0,3.0,9.0],"shade":false,"faces":{"down":{"texture":"#quartz","rotation":0,"tintindex":0},"east":{"texture":"#quartz","rotation":0,"tintindex":0},"north":{"texture":"#quartz","rotation":0,"tintindex":0},"south":{"texture":"#quartz","rotation":0,"tintindex":0},"up":{"texture":"#quartz","rotation":0,"tintindex":0},"west":{"texture":"#quartz","rotation":0,"tintindex":0}}},{"from":[8.0,0.0,8.0],"to":[9.0,1.0,9.0],"shade":false,"faces":{"down":{"texture":"#quartz","rotation":0,"tintindex":0},"east":{"texture":"#quartz","rotation":0,"tintindex":0},"north":{"texture":"#quartz","rotation":0,"tintindex":0},"south":{"texture":"#quartz","rotation":0,"tintindex":0},"up":{"texture":"#quartz","rotation":0,"tintindex":0},"west":{"texture":"#quartz","rotation":0,"tintindex":0}}},{"from":[7.0,4.0,7.0],"to":[9.0,6.0,9.0],"shade":false,"faces":{"down":{"texture":"#quartz","rotation":0,"tintindex":0},"east":{"texture":"#quartz","rotation":0,"tintindex":0},"north":{"texture":"#quartz","rotation":0,"tintindex":0},"south":{"texture":"#quartz","rotation":0,"tintindex":0},"up":{"texture":"#quartz","rotation":0,"tintindex":0},"west":{"texture":"#quartz","rotation":0,"tintindex":0}}},{"from":[7.0,6.0,7.0],"to":[8.0,7.0,8.0],"shade":false,"faces":{"down":{"texture":"#quartz","rotation":0,"tintindex":0},"east":{"texture":"#quartz","rotation":0,"tintindex":0},"north":{"texture":"#quartz","rotation":0,"tintindex":0},"south":{"texture":"#quartz","rotation":0,"tintindex":0},"up":{"texture":"#quartz","rotation":0,"tintindex":0},"west":{"texture":"#quartz","rotation":0,"tintindex":0}}},{"from":[6.0,0.0,6.0],"to":[7.0,3.0,7.0],"shade":false,"faces":{"down":{"texture":"#metal","rotation":0,"tintindex":0},"east":{"texture":"#metal","rotation":0,"tintindex":0},"north":{"texture":"#metal","rotation":0,"tintindex":0},"south":{"texture":"#metal","rotation":0,"tintindex":0},"up":{"texture":"#metal","rotation":0,"tintindex":0},"west":{"texture":"#metal","rotation":0,"tintindex":0}}},{"from":[6.0,0.0,9.0],"to":[7.0,3.0,10.0],"shade":false,"faces":{"down":{"texture":"#metal","rotation":0,"tintindex":0},"east":{"texture":"#metal","rotation":0,"tintindex":0},"north":{"texture":"#metal","rotation":0,"tintindex":0},"south":{"texture":"#metal","rotation":0,"tintindex":0},"up":{"texture":"#metal","rotation":0,"tintindex":0},"west":{"texture":"#metal","rotation":0,"tintindex":0}}},{"from":[9.0,0.0,6.0],"to":[10.0,3.0,7.0],"shade":false,"faces":{"down":{"texture":"#metal","rotation":0,"tintindex":0},"east":{"texture":"#metal","rotation":0,"tintindex":0},"north":{"texture":"#metal","rotation":0,"tintindex":0},"south":{"texture":"#metal","rotation":0,"tintindex":0},"up":{"texture":"#metal","rotation":0,"tintindex":0},"west":{"texture":"#metal","rotation":0,"tintindex":0}}},{"from":[9.0,0.0,9.0],"to":[10.0,3.0,10.0],"shade":false,"faces":{"down":{"texture":"#metal","rotation":0,"tintindex":0},"east":{"texture":"#metal","rotation":0,"tintindex":0},"north":{"texture":"#metal","rotation":0,"tintindex":0},"south":{"texture":"#metal","rotation":0,"tintindex":0},"up":{"texture":"#metal","rotation":0,"tintindex":0},"west":{"texture":"#metal","rotation":0,"tintindex":0}}}]}