{"parent":"block/block","textures":{"particle":"ae2:block/security_station_side","side":"ae2:block/security_station_side","bottom":"ae2:block/security_station_bottom","top":"ae2:block/security_station_top","lightsBright":"ae2:block/security_station_light_bright","lightsMedium":"ae2:block/security_station_light_medium","lightsDark":"ae2:block/security_station_light_dark"},"elements":[{"from":[0.0,0.0,0.0],"to":[16.0,16.0,16.0],"shade":false,"faces":{"down":{"texture":"#bottom","rotation":0,"tintindex":0},"up":{"texture":"#top","rotation":0,"tintindex":0},"north":{"texture":"#side","rotation":0,"tintindex":0},"south":{"texture":"#side","rotation":0,"tintindex":0},"west":{"texture":"#side","rotation":0,"tintindex":0},"east":{"texture":"#side","rotation":0,"tintindex":0}}},{"from":[0.0,15.0,0.0],"to":[16.0,16.0,16.0],"shade":false,"faces":{"up":{"texture":"#lightsBright","rotation":0,"tintindex":3}}},{"from":[0.0,15.0,0.0],"to":[16.0,16.0,16.0],"shade":false,"faces":{"up":{"texture":"#lightsMedium","rotation":0,"tintindex":2}}},{"from":[0.0,15.0,0.0],"to":[16.0,16.0,16.0],"shade":false,"faces":{"up":{"texture":"#lightsDark","rotation":0,"tintindex":1}}}]}