{"credit":"Made with Blockbench","parent":"minecraft:block/cube_all","textures":{"0":"ae2:block/sky_stone_tank","particle":"ae2:block/sky_stone_tank"},"elements":[{"from":[0.0,0.0,15.0],"to":[16.0,2.0,16.0],"shade":false,"faces":{"north":{"uv":[16.0,16.0,0.0,14.0],"texture":"#0","rotation":0,"tintindex":0},"east":{"uv":[15.0,14.0,16.0,16.0],"texture":"#0","rotation":0,"tintindex":0},"south":{"uv":[0.0,14.0,16.0,16.0],"texture":"#0","rotation":0,"tintindex":0},"west":{"uv":[0.0,14.0,1.0,16.0],"texture":"#0","rotation":0,"tintindex":0},"up":{"uv":[0.0,14.0,16.0,15.0],"texture":"#0","rotation":0,"tintindex":0},"down":{"uv":[0.0,15.0,16.0,16.0],"texture":"#0","rotation":0,"tintindex":0}}},{"from":[0.0,14.0,15.0],"to":[16.0,16.0,16.0],"shade":false,"faces":{"north":{"uv":[16.0,2.0,0.0,0.0],"texture":"#0","rotation":0,"tintindex":0},"east":{"uv":[15.0,0.0,16.0,2.0],"texture":"#0","rotation":0,"tintindex":0},"south":{"uv":[0.0,0.0,16.0,2.0],"texture":"#0","rotation":0,"tintindex":0},"west":{"uv":[0.0,0.0,1.0,2.0],"texture":"#0","rotation":0,"tintindex":0},"up":{"uv":[0.0,0.0,16.0,1.0],"texture":"#0","rotation":0,"tintindex":0},"down":{"uv":[0.0,1.0,16.0,2.0],"texture":"#0","rotation":0,"tintindex":0}}},{"from":[2.0,3.0,15.0],"to":[4.0,13.0,16.0],"shade":false,"faces":{"north":{"uv":[12.0,3.0,14.0,13.0],"texture":"#0","rotation":0,"tintindex":0},"south":{"uv":[2.0,13.0,4.0,3.0],"texture":"#0","rotation":0,"tintindex":0}}},{"from":[12.0,3.0,15.0],"to":[14.0,13.0,16.0],"shade":false,"faces":{"north":{"uv":[2.0,3.0,4.0,13.0],"texture":"#0","rotation":0,"tintindex":0},"south":{"uv":[12.0,13.0,14.0,3.0],"texture":"#0","rotation":0,"tintindex":0}}},{"from":[4.0,2.0,15.0],"to":[12.0,14.0,16.0],"shade":false,"faces":{"north":{"uv":[4.0,2.0,12.0,14.0],"texture":"#0","rotation":0,"tintindex":0},"south":{"uv":[4.0,14.0,12.0,2.0],"texture":"#0","rotation":0,"tintindex":0}}},{"from":[0.0,2.0,15.0],"to":[2.0,14.0,16.0],"shade":false,"faces":{"north":{"uv":[2.0,2.0,0.0,14.0],"texture":"#0","rotation":0,"tintindex":0},"east":{"uv":[0.0,2.0,1.0,14.0],"texture":"#0","rotation":0,"tintindex":0},"south":{"uv":[0.0,2.0,2.0,14.0],"texture":"#0","rotation":0,"tintindex":0},"west":{"uv":[1.0,2.0,2.0,14.0],"texture":"#0","rotation":0,"tintindex":0},"up":{"uv":[0.0,2.0,2.0,3.0],"texture":"#0","rotation":0,"tintindex":0},"down":{"uv":[0.0,13.0,2.0,14.0],"texture":"#0","rotation":0,"tintindex":0}}},{"from":[14.0,2.0,15.0],"to":[16.0,14.0,16.0],"shade":false,"faces":{"north":{"uv":[16.0,2.0,14.0,14.0],"texture":"#0","rotation":0,"tintindex":0},"east":{"uv":[14.0,2.0,15.0,14.0],"texture":"#0","rotation":0,"tintindex":0},"south":{"uv":[14.0,2.0,16.0,14.0],"texture":"#0","rotation":0,"tintindex":0},"west":{"uv":[15.0,2.0,16.0,14.0],"texture":"#0","rotation":0,"tintindex":0},"up":{"uv":[14.0,2.0,16.0,3.0],"texture":"#0","rotation":0,"tintindex":0},"down":{"uv":[14.0,13.0,16.0,14.0],"texture":"#0","rotation":0,"tintindex":0}}},{"from":[2.0,2.0,15.0],"to":[4.0,3.0,16.0],"shade":false,"faces":{"north":{"uv":[14.0,2.0,12.0,3.0],"texture":"#0","rotation":0,"tintindex":0},"east":{"uv":[12.0,2.0,13.0,3.0],"texture":"#0","rotation":0,"tintindex":0},"south":{"uv":[12.0,2.0,14.0,3.0],"texture":"#0","rotation":0,"tintindex":0},"west":{"uv":[12.0,2.0,13.0,3.0],"texture":"#0","rotation":0,"tintindex":0},"up":{"uv":[12.0,2.0,14.0,3.0],"texture":"#0","rotation":0,"tintindex":0},"down":{"uv":[12.0,2.0,14.0,3.0],"texture":"#0","rotation":0,"tintindex":0}}},{"from":[12.0,2.0,15.0],"to":[14.0,3.0,16.0],"shade":false,"faces":{"north":{"uv":[12.0,2.0,14.0,3.0],"texture":"#0","rotation":0,"tintindex":0},"east":{"uv":[12.0,2.0,13.0,3.0],"texture":"#0","rotation":0,"tintindex":0},"south":{"uv":[12.0,2.0,14.0,3.0],"texture":"#0","rotation":0,"tintindex":0},"west":{"uv":[12.0,2.0,13.0,3.0],"texture":"#0","rotation":0,"tintindex":0},"up":{"uv":[14.0,2.0,12.0,3.0],"texture":"#0","rotation":0,"tintindex":0},"down":{"uv":[12.0,2.0,14.0,3.0],"texture":"#0","rotation":0,"tintindex":0}}},{"from":[12.0,13.0,15.0],"to":[14.0,14.0,16.0],"shade":false,"faces":{"north":{"uv":[14.0,2.0,12.0,3.0],"texture":"#0","rotation":0,"tintindex":0},"east":{"uv":[12.0,2.0,13.0,3.0],"texture":"#0","rotation":0,"tintindex":0},"south":{"uv":[12.0,2.0,14.0,3.0],"texture":"#0","rotation":0,"tintindex":0},"west":{"uv":[12.0,2.0,13.0,3.0],"texture":"#0","rotation":0,"tintindex":0},"up":{"uv":[12.0,2.0,14.0,3.0],"texture":"#0","rotation":0,"tintindex":0},"down":{"uv":[12.0,2.0,14.0,3.0],"texture":"#0","rotation":0,"tintindex":0}}},{"from":[2.0,13.0,15.0],"to":[4.0,14.0,16.0],"shade":false,"faces":{"north":{"uv":[4.0,2.0,2.0,3.0],"texture":"#0","rotation":0,"tintindex":0},"east":{"uv":[2.0,2.0,3.0,3.0],"texture":"#0","rotation":0,"tintindex":0},"south":{"uv":[2.0,2.0,4.0,3.0],"texture":"#0","rotation":0,"tintindex":0},"west":{"uv":[2.0,2.0,3.0,3.0],"texture":"#0","rotation":0,"tintindex":0},"up":{"uv":[2.0,2.0,4.0,3.0],"texture":"#0","rotation":0,"tintindex":0},"down":{"uv":[2.0,2.0,4.0,3.0],"texture":"#0","rotation":0,"tintindex":0}}},{"from":[0.0,0.0,0.0],"to":[16.0,2.0,1.0],"shade":false,"faces":{"north":{"uv":[16.0,16.0,0.0,14.0],"texture":"#0","rotation":0,"tintindex":0},"east":{"uv":[15.0,14.0,16.0,16.0],"texture":"#0","rotation":0,"tintindex":0},"south":{"uv":[0.0,14.0,16.0,16.0],"texture":"#0","rotation":0,"tintindex":0},"west":{"uv":[0.0,14.0,1.0,16.0],"texture":"#0","rotation":0,"tintindex":0},"up":{"uv":[0.0,14.0,16.0,15.0],"texture":"#0","rotation":0,"tintindex":0},"down":{"uv":[0.0,15.0,16.0,16.0],"texture":"#0","rotation":0,"tintindex":0}}},{"from":[0.0,14.0,0.0],"to":[16.0,16.0,1.0],"shade":false,"faces":{"north":{"uv":[16.0,2.0,0.0,0.0],"texture":"#0","rotation":0,"tintindex":0},"east":{"uv":[15.0,0.0,16.0,2.0],"texture":"#0","rotation":0,"tintindex":0},"south":{"uv":[0.0,0.0,16.0,2.0],"texture":"#0","rotation":0,"tintindex":0},"west":{"uv":[0.0,0.0,1.0,2.0],"texture":"#0","rotation":0,"tintindex":0},"up":{"uv":[0.0,0.0,16.0,1.0],"texture":"#0","rotation":0,"tintindex":0},"down":{"uv":[0.0,1.0,16.0,2.0],"texture":"#0","rotation":0,"tintindex":0}}},{"from":[2.0,3.0,0.0],"to":[4.0,13.0,1.0],"shade":false,"faces":{"north":{"uv":[12.0,3.0,14.0,13.0],"texture":"#0","rotation":0,"tintindex":0},"south":{"uv":[2.0,13.0,4.0,3.0],"texture":"#0","rotation":0,"tintindex":0}}},{"from":[12.0,3.0,0.0],"to":[14.0,13.0,1.0],"shade":false,"faces":{"north":{"uv":[2.0,3.0,4.0,13.0],"texture":"#0","rotation":0,"tintindex":0},"south":{"uv":[12.0,13.0,14.0,3.0],"texture":"#0","rotation":0,"tintindex":0}}},{"from":[4.0,2.0,0.0],"to":[12.0,14.0,1.0],"shade":false,"faces":{"north":{"uv":[4.0,2.0,12.0,14.0],"texture":"#0","rotation":0,"tintindex":0},"south":{"uv":[4.0,14.0,12.0,2.0],"texture":"#0","rotation":0,"tintindex":0}}},{"from":[0.0,2.0,0.0],"to":[2.0,14.0,1.0],"shade":false,"faces":{"north":{"uv":[2.0,2.0,0.0,14.0],"texture":"#0","rotation":0,"tintindex":0},"east":{"uv":[0.0,2.0,1.0,14.0],"texture":"#0","rotation":0,"tintindex":0},"south":{"uv":[0.0,2.0,2.0,14.0],"texture":"#0","rotation":0,"tintindex":0},"west":{"uv":[1.0,2.0,2.0,14.0],"texture":"#0","rotation":0,"tintindex":0},"up":{"uv":[0.0,2.0,2.0,3.0],"texture":"#0","rotation":0,"tintindex":0},"down":{"uv":[0.0,13.0,2.0,14.0],"texture":"#0","rotation":0,"tintindex":0}}},{"from":[14.0,2.0,0.0],"to":[16.0,14.0,1.0],"shade":false,"faces":{"north":{"uv":[16.0,2.0,14.0,14.0],"texture":"#0","rotation":0,"tintindex":0},"east":{"uv":[14.0,2.0,15.0,14.0],"texture":"#0","rotation":0,"tintindex":0},"south":{"uv":[14.0,2.0,16.0,14.0],"texture":"#0","rotation":0,"tintindex":0},"west":{"uv":[15.0,2.0,16.0,14.0],"texture":"#0","rotation":0,"tintindex":0},"up":{"uv":[14.0,2.0,16.0,3.0],"texture":"#0","rotation":0,"tintindex":0},"down":{"uv":[14.0,13.0,16.0,14.0],"texture":"#0","rotation":0,"tintindex":0}}},{"from":[2.0,2.0,0.0],"to":[4.0,3.0,1.0],"shade":false,"faces":{"north":{"uv":[14.0,2.0,12.0,3.0],"texture":"#0","rotation":0,"tintindex":0},"east":{"uv":[12.0,2.0,13.0,3.0],"texture":"#0","rotation":0,"tintindex":0},"south":{"uv":[12.0,2.0,14.0,3.0],"texture":"#0","rotation":0,"tintindex":0},"west":{"uv":[12.0,2.0,13.0,3.0],"texture":"#0","rotation":0,"tintindex":0},"up":{"uv":[12.0,2.0,14.0,3.0],"texture":"#0","rotation":0,"tintindex":0},"down":{"uv":[12.0,2.0,14.0,3.0],"texture":"#0","rotation":0,"tintindex":0}}},{"from":[12.0,2.0,0.0],"to":[14.0,3.0,1.0],"shade":false,"faces":{"north":{"uv":[12.0,2.0,14.0,3.0],"texture":"#0","rotation":0,"tintindex":0},"east":{"uv":[12.0,2.0,13.0,3.0],"texture":"#0","rotation":0,"tintindex":0},"south":{"uv":[12.0,2.0,14.0,3.0],"texture":"#0","rotation":0,"tintindex":0},"west":{"uv":[12.0,2.0,13.0,3.0],"texture":"#0","rotation":0,"tintindex":0},"up":{"uv":[14.0,2.0,12.0,3.0],"texture":"#0","rotation":0,"tintindex":0},"down":{"uv":[12.0,2.0,14.0,3.0],"texture":"#0","rotation":0,"tintindex":0}}},{"from":[12.0,13.0,0.0],"to":[14.0,14.0,1.0],"shade":false,"faces":{"north":{"uv":[14.0,2.0,12.0,3.0],"texture":"#0","rotation":0,"tintindex":0},"east":{"uv":[12.0,2.0,13.0,3.0],"texture":"#0","rotation":0,"tintindex":0},"south":{"uv":[12.0,2.0,14.0,3.0],"texture":"#0","rotation":0,"tintindex":0},"west":{"uv":[12.0,2.0,13.0,3.0],"texture":"#0","rotation":0,"tintindex":0},"up":{"uv":[12.0,2.0,14.0,3.0],"texture":"#0","rotation":0,"tintindex":0},"down":{"uv":[12.0,2.0,14.0,3.0],"texture":"#0","rotation":0,"tintindex":0}}},{"from":[2.0,13.0,0.0],"to":[4.0,14.0,1.0],"shade":false,"faces":{"north":{"uv":[4.0,2.0,2.0,3.0],"texture":"#0","rotation":0,"tintindex":0},"east":{"uv":[2.0,2.0,3.0,3.0],"texture":"#0","rotation":0,"tintindex":0},"south":{"uv":[2.0,2.0,4.0,3.0],"texture":"#0","rotation":0,"tintindex":0},"west":{"uv":[2.0,2.0,3.0,3.0],"texture":"#0","rotation":0,"tintindex":0},"up":{"uv":[2.0,2.0,4.0,3.0],"texture":"#0","rotation":0,"tintindex":0},"down":{"uv":[2.0,2.0,4.0,3.0],"texture":"#0","rotation":0,"tintindex":0}}},{"from":[0.0,14.0,1.0],"to":[1.0,16.0,15.0],"shade":false,"faces":{"north":{"uv":[1.0,0.0,2.0,2.0],"texture":"#0","rotation":0,"tintindex":0},"east":{"uv":[15.0,2.0,1.0,0.0],"texture":"#0","rotation":0,"tintindex":0},"south":{"uv":[14.0,0.0,15.0,2.0],"texture":"#0","rotation":0,"tintindex":0},"west":{"uv":[1.0,0.0,15.0,2.0],"texture":"#0","rotation":0,"tintindex":0},"up":{"uv":[1.0,0.0,15.0,1.0],"texture":"#0","rotation":90,"tintindex":0},"down":{"uv":[1.0,1.0,15.0,2.0],"texture":"#0","rotation":270,"tintindex":0}}},{"from":[0.0,0.0,1.0],"to":[1.0,2.0,15.0],"shade":false,"faces":{"north":{"uv":[1.0,14.0,2.0,16.0],"texture":"#0","rotation":0,"tintindex":0},"east":{"uv":[15.0,16.0,1.0,14.0],"texture":"#0","rotation":0,"tintindex":0},"south":{"uv":[14.0,14.0,15.0,16.0],"texture":"#0","rotation":0,"tintindex":0},"west":{"uv":[1.0,14.0,15.0,16.0],"texture":"#0","rotation":0,"tintindex":0},"up":{"uv":[1.0,14.0,15.0,15.0],"texture":"#0","rotation":90,"tintindex":0},"down":{"uv":[1.0,15.0,15.0,16.0],"texture":"#0","rotation":270,"tintindex":0}}},{"from":[0.0,3.0,2.0],"to":[1.0,13.0,4.0],"shade":false,"faces":{"east":{"uv":[12.0,3.0,14.0,13.0],"texture":"#0","rotation":0,"tintindex":0},"west":{"uv":[2.0,13.0,4.0,3.0],"texture":"#0","rotation":0,"tintindex":0}}},{"from":[0.0,3.0,12.0],"to":[1.0,13.0,14.0],"shade":false,"faces":{"east":{"uv":[2.0,3.0,4.0,13.0],"texture":"#0","rotation":0,"tintindex":0},"west":{"uv":[12.0,13.0,14.0,3.0],"texture":"#0","rotation":0,"tintindex":0}}},{"from":[0.0,2.0,4.0],"to":[1.0,14.0,12.0],"shade":false,"faces":{"east":{"uv":[4.0,2.0,12.0,14.0],"texture":"#0","rotation":0,"tintindex":0},"west":{"uv":[4.0,14.0,12.0,2.0],"texture":"#0","rotation":0,"tintindex":0}}},{"from":[0.0,2.0,1.0],"to":[1.0,14.0,2.0],"shade":false,"faces":{"north":{"uv":[1.0,2.0,2.0,14.0],"texture":"#0","rotation":0,"tintindex":0},"east":{"uv":[2.0,2.0,1.0,14.0],"texture":"#0","rotation":0,"tintindex":0},"south":{"uv":[1.0,2.0,2.0,14.0],"texture":"#0","rotation":0,"tintindex":0},"west":{"uv":[1.0,2.0,2.0,14.0],"texture":"#0","rotation":0,"tintindex":0},"up":{"uv":[1.0,2.0,2.0,3.0],"texture":"#0","rotation":90,"tintindex":0},"down":{"uv":[1.0,13.0,2.0,14.0],"texture":"#0","rotation":270,"tintindex":0}}},{"from":[0.0,2.0,14.0],"to":[1.0,14.0,15.0],"shade":false,"faces":{"north":{"uv":[14.0,2.0,15.0,14.0],"texture":"#0","rotation":0,"tintindex":0},"east":{"uv":[15.0,2.0,14.0,14.0],"texture":"#0","rotation":0,"tintindex":0},"south":{"uv":[14.0,2.0,15.0,14.0],"texture":"#0","rotation":0,"tintindex":0},"west":{"uv":[14.0,2.0,15.0,14.0],"texture":"#0","rotation":0,"tintindex":0},"up":{"uv":[14.0,2.0,15.0,3.0],"texture":"#0","rotation":90,"tintindex":0},"down":{"uv":[14.0,13.0,15.0,14.0],"texture":"#0","rotation":270,"tintindex":0}}},{"from":[0.0,2.0,2.0],"to":[1.0,3.0,4.0],"shade":false,"faces":{"north":{"uv":[12.0,2.0,13.0,3.0],"texture":"#0","rotation":0,"tintindex":0},"east":{"uv":[14.0,2.0,12.0,3.0],"texture":"#0","rotation":0,"tintindex":0},"south":{"uv":[12.0,2.0,13.0,3.0],"texture":"#0","rotation":0,"tintindex":0},"west":{"uv":[12.0,2.0,14.0,3.0],"texture":"#0","rotation":0,"tintindex":0},"up":{"uv":[12.0,2.0,14.0,3.0],"texture":"#0","rotation":90,"tintindex":0},"down":{"uv":[12.0,2.0,14.0,3.0],"texture":"#0","rotation":270,"tintindex":0}}},{"from":[0.0,2.0,12.0],"to":[1.0,3.0,14.0],"shade":false,"faces":{"north":{"uv":[12.0,2.0,13.0,3.0],"texture":"#0","rotation":0,"tintindex":0},"east":{"uv":[12.0,2.0,14.0,3.0],"texture":"#0","rotation":0,"tintindex":0},"south":{"uv":[12.0,2.0,13.0,3.0],"texture":"#0","rotation":0,"tintindex":0},"west":{"uv":[12.0,2.0,14.0,3.0],"texture":"#0","rotation":0,"tintindex":0},"up":{"uv":[14.0,2.0,12.0,3.0],"texture":"#0","rotation":90,"tintindex":0},"down":{"uv":[12.0,2.0,14.0,3.0],"texture":"#0","rotation":270,"tintindex":0}}},{"from":[0.0,13.0,12.0],"to":[1.0,14.0,14.0],"shade":false,"faces":{"north":{"uv":[12.0,2.0,13.0,3.0],"texture":"#0","rotation":0,"tintindex":0},"east":{"uv":[14.0,2.0,12.0,3.0],"texture":"#0","rotation":0,"tintindex":0},"south":{"uv":[12.0,2.0,13.0,3.0],"texture":"#0","rotation":0,"tintindex":0},"west":{"uv":[12.0,2.0,14.0,3.0],"texture":"#0","rotation":0,"tintindex":0},"up":{"uv":[12.0,2.0,14.0,3.0],"texture":"#0","rotation":90,"tintindex":0},"down":{"uv":[12.0,2.0,14.0,3.0],"texture":"#0","rotation":270,"tintindex":0}}},{"from":[0.0,13.0,2.0],"to":[1.0,14.0,4.0],"shade":false,"faces":{"north":{"uv":[2.0,2.0,3.0,3.0],"texture":"#0","rotation":0,"tintindex":0},"east":{"uv":[4.0,2.0,2.0,3.0],"texture":"#0","rotation":0,"tintindex":0},"south":{"uv":[2.0,2.0,3.0,3.0],"texture":"#0","rotation":0,"tintindex":0},"west":{"uv":[2.0,2.0,4.0,3.0],"texture":"#0","rotation":0,"tintindex":0},"up":{"uv":[2.0,2.0,4.0,3.0],"texture":"#0","rotation":90,"tintindex":0},"down":{"uv":[2.0,2.0,4.0,3.0],"texture":"#0","rotation":270,"tintindex":0}}},{"from":[14.0,15.0,1.0],"to":[15.0,16.0,15.0],"shade":false,"faces":{"north":{"uv":[1.0,14.0,2.0,15.0],"texture":"#0","rotation":90,"tintindex":0},"east":{"uv":[1.0,14.0,15.0,15.0],"texture":"#0","rotation":180,"tintindex":0},"south":{"uv":[14.0,14.0,15.0,15.0],"texture":"#0","rotation":270,"tintindex":0},"west":{"uv":[1.0,14.0,15.0,15.0],"texture":"#0","rotation":0,"tintindex":0},"up":{"uv":[15.0,15.0,1.0,14.0],"texture":"#0","rotation":270,"tintindex":0},"down":{"uv":[1.0,14.0,15.0,15.0],"texture":"#0","rotation":270,"tintindex":0}}},{"from":[1.0,15.0,1.0],"to":[2.0,16.0,15.0],"shade":false,"faces":{"north":{"uv":[1.0,1.0,2.0,2.0],"texture":"#0","rotation":90,"tintindex":0},"east":{"uv":[1.0,1.0,15.0,2.0],"texture":"#0","rotation":180,"tintindex":0},"south":{"uv":[14.0,1.0,15.0,2.0],"texture":"#0","rotation":270,"tintindex":0},"west":{"uv":[1.0,1.0,15.0,2.0],"texture":"#0","rotation":0,"tintindex":0},"up":{"uv":[15.0,2.0,1.0,1.0],"texture":"#0","rotation":270,"tintindex":0},"down":{"uv":[1.0,1.0,15.0,2.0],"texture":"#0","rotation":270,"tintindex":0}}},{"from":[3.0,15.0,2.0],"to":[13.0,16.0,4.0],"shade":false,"faces":{"up":{"uv":[12.0,3.0,14.0,13.0],"texture":"#0","rotation":270,"tintindex":0},"down":{"uv":[2.0,13.0,4.0,3.0],"texture":"#0","rotation":270,"tintindex":0}}},{"from":[3.0,15.0,12.0],"to":[13.0,16.0,14.0],"shade":false,"faces":{"up":{"uv":[2.0,3.0,4.0,13.0],"texture":"#0","rotation":270,"tintindex":0},"down":{"uv":[12.0,13.0,14.0,3.0],"texture":"#0","rotation":270,"tintindex":0}}},{"from":[2.0,15.0,4.0],"to":[14.0,16.0,12.0],"shade":false,"faces":{"up":{"uv":[4.0,2.0,12.0,14.0],"texture":"#0","rotation":270,"tintindex":0},"down":{"uv":[4.0,14.0,12.0,2.0],"texture":"#0","rotation":270,"tintindex":0}}},{"from":[2.0,15.0,1.0],"to":[14.0,16.0,2.0],"shade":false,"faces":{"north":{"uv":[1.0,2.0,2.0,14.0],"texture":"#0","rotation":90,"tintindex":0},"east":{"uv":[1.0,13.0,2.0,14.0],"texture":"#0","rotation":180,"tintindex":0},"south":{"uv":[1.0,2.0,2.0,14.0],"texture":"#0","rotation":270,"tintindex":0},"west":{"uv":[1.0,2.0,2.0,3.0],"texture":"#0","rotation":0,"tintindex":0},"up":{"uv":[2.0,2.0,1.0,14.0],"texture":"#0","rotation":270,"tintindex":0},"down":{"uv":[1.0,2.0,2.0,14.0],"texture":"#0","rotation":270,"tintindex":0}}},{"from":[2.0,15.0,14.0],"to":[14.0,16.0,15.0],"shade":false,"faces":{"north":{"uv":[14.0,2.0,15.0,14.0],"texture":"#0","rotation":90,"tintindex":0},"east":{"uv":[14.0,13.0,15.0,14.0],"texture":"#0","rotation":180,"tintindex":0},"south":{"uv":[14.0,2.0,15.0,14.0],"texture":"#0","rotation":270,"tintindex":0},"west":{"uv":[14.0,2.0,15.0,3.0],"texture":"#0","rotation":0,"tintindex":0},"up":{"uv":[15.0,2.0,14.0,14.0],"texture":"#0","rotation":270,"tintindex":0},"down":{"uv":[14.0,2.0,15.0,14.0],"texture":"#0","rotation":270,"tintindex":0}}},{"from":[13.0,15.0,2.0],"to":[14.0,16.0,4.0],"shade":false,"faces":{"north":{"uv":[12.0,2.0,13.0,3.0],"texture":"#0","rotation":90,"tintindex":0},"east":{"uv":[12.0,2.0,14.0,3.0],"texture":"#0","rotation":180,"tintindex":0},"south":{"uv":[12.0,2.0,13.0,3.0],"texture":"#0","rotation":270,"tintindex":0},"west":{"uv":[12.0,2.0,14.0,3.0],"texture":"#0","rotation":0,"tintindex":0},"up":{"uv":[14.0,2.0,12.0,3.0],"texture":"#0","rotation":270,"tintindex":0},"down":{"uv":[12.0,2.0,14.0,3.0],"texture":"#0","rotation":270,"tintindex":0}}},{"from":[13.0,15.0,12.0],"to":[14.0,16.0,14.0],"shade":false,"faces":{"north":{"uv":[12.0,2.0,13.0,3.0],"texture":"#0","rotation":90,"tintindex":0},"east":{"uv":[12.0,2.0,14.0,3.0],"texture":"#0","rotation":180,"tintindex":0},"south":{"uv":[12.0,2.0,13.0,3.0],"texture":"#0","rotation":270,"tintindex":0},"west":{"uv":[14.0,2.0,12.0,3.0],"texture":"#0","rotation":0,"tintindex":0},"up":{"uv":[12.0,2.0,14.0,3.0],"texture":"#0","rotation":270,"tintindex":0},"down":{"uv":[12.0,2.0,14.0,3.0],"texture":"#0","rotation":270,"tintindex":0}}},{"from":[2.0,15.0,12.0],"to":[3.0,16.0,14.0],"shade":false,"faces":{"north":{"uv":[12.0,2.0,13.0,3.0],"texture":"#0","rotation":90,"tintindex":0},"east":{"uv":[12.0,2.0,14.0,3.0],"texture":"#0","rotation":180,"tintindex":0},"south":{"uv":[12.0,2.0,13.0,3.0],"texture":"#0","rotation":270,"tintindex":0},"west":{"uv":[12.0,2.0,14.0,3.0],"texture":"#0","rotation":0,"tintindex":0},"up":{"uv":[14.0,2.0,12.0,3.0],"texture":"#0","rotation":270,"tintindex":0},"down":{"uv":[12.0,2.0,14.0,3.0],"texture":"#0","rotation":270,"tintindex":0}}},{"from":[2.0,15.0,2.0],"to":[3.0,16.0,4.0],"shade":false,"faces":{"north":{"uv":[2.0,2.0,3.0,3.0],"texture":"#0","rotation":90,"tintindex":0},"east":{"uv":[2.0,2.0,4.0,3.0],"texture":"#0","rotation":180,"tintindex":0},"south":{"uv":[2.0,2.0,3.0,3.0],"texture":"#0","rotation":270,"tintindex":0},"west":{"uv":[2.0,2.0,4.0,3.0],"texture":"#0","rotation":0,"tintindex":0},"up":{"uv":[4.0,2.0,2.0,3.0],"texture":"#0","rotation":270,"tintindex":0},"down":{"uv":[2.0,2.0,4.0,3.0],"texture":"#0","rotation":270,"tintindex":0}}},{"from":[14.0,0.0,1.0],"to":[15.0,1.0,15.0],"shade":false,"faces":{"north":{"uv":[1.0,14.0,2.0,15.0],"texture":"#0","rotation":90,"tintindex":0},"east":{"uv":[1.0,14.0,15.0,15.0],"texture":"#0","rotation":180,"tintindex":0},"south":{"uv":[14.0,14.0,15.0,15.0],"texture":"#0","rotation":270,"tintindex":0},"west":{"uv":[1.0,14.0,15.0,15.0],"texture":"#0","rotation":0,"tintindex":0},"up":{"uv":[15.0,15.0,1.0,14.0],"texture":"#0","rotation":270,"tintindex":0},"down":{"uv":[1.0,14.0,15.0,15.0],"texture":"#0","rotation":270,"tintindex":0}}},{"from":[1.0,0.0,1.0],"to":[2.0,1.0,15.0],"shade":false,"faces":{"north":{"uv":[1.0,1.0,2.0,2.0],"texture":"#0","rotation":90,"tintindex":0},"east":{"uv":[1.0,1.0,15.0,2.0],"texture":"#0","rotation":180,"tintindex":0},"south":{"uv":[14.0,1.0,15.0,2.0],"texture":"#0","rotation":270,"tintindex":0},"west":{"uv":[1.0,1.0,15.0,2.0],"texture":"#0","rotation":0,"tintindex":0},"up":{"uv":[15.0,2.0,1.0,1.0],"texture":"#0","rotation":270,"tintindex":0},"down":{"uv":[1.0,1.0,15.0,2.0],"texture":"#0","rotation":270,"tintindex":0}}},{"from":[3.0,0.0,2.0],"to":[13.0,1.0,4.0],"shade":false,"faces":{"up":{"uv":[12.0,3.0,14.0,13.0],"texture":"#0","rotation":270,"tintindex":0},"down":{"uv":[2.0,13.0,4.0,3.0],"texture":"#0","rotation":270,"tintindex":0}}},{"from":[3.0,0.0,12.0],"to":[13.0,1.0,14.0],"shade":false,"faces":{"up":{"uv":[2.0,3.0,4.0,13.0],"texture":"#0","rotation":270,"tintindex":0},"down":{"uv":[12.0,13.0,14.0,3.0],"texture":"#0","rotation":270,"tintindex":0}}},{"from":[2.0,0.0,4.0],"to":[14.0,1.0,12.0],"shade":false,"faces":{"up":{"uv":[4.0,2.0,12.0,14.0],"texture":"#0","rotation":270,"tintindex":0},"down":{"uv":[4.0,14.0,12.0,2.0],"texture":"#0","rotation":270,"tintindex":0}}},{"from":[2.0,0.0,1.0],"to":[14.0,1.0,2.0],"shade":false,"faces":{"north":{"uv":[1.0,2.0,2.0,14.0],"texture":"#0","rotation":90,"tintindex":0},"east":{"uv":[1.0,13.0,2.0,14.0],"texture":"#0","rotation":180,"tintindex":0},"south":{"uv":[1.0,2.0,2.0,14.0],"texture":"#0","rotation":270,"tintindex":0},"west":{"uv":[1.0,2.0,2.0,3.0],"texture":"#0","rotation":0,"tintindex":0},"up":{"uv":[2.0,2.0,1.0,14.0],"texture":"#0","rotation":270,"tintindex":0},"down":{"uv":[1.0,2.0,2.0,14.0],"texture":"#0","rotation":270,"tintindex":0}}},{"from":[2.0,0.0,14.0],"to":[14.0,1.0,15.0],"shade":false,"faces":{"north":{"uv":[14.0,2.0,15.0,14.0],"texture":"#0","rotation":90,"tintindex":0},"east":{"uv":[14.0,13.0,15.0,14.0],"texture":"#0","rotation":180,"tintindex":0},"south":{"uv":[14.0,2.0,15.0,14.0],"texture":"#0","rotation":270,"tintindex":0},"west":{"uv":[14.0,2.0,15.0,3.0],"texture":"#0","rotation":0,"tintindex":0},"up":{"uv":[15.0,2.0,14.0,14.0],"texture":"#0","rotation":270,"tintindex":0},"down":{"uv":[14.0,2.0,15.0,14.0],"texture":"#0","rotation":270,"tintindex":0}}},{"from":[13.0,0.0,2.0],"to":[14.0,1.0,4.0],"shade":false,"faces":{"north":{"uv":[12.0,2.0,13.0,3.0],"texture":"#0","rotation":90,"tintindex":0},"east":{"uv":[12.0,2.0,14.0,3.0],"texture":"#0","rotation":180,"tintindex":0},"south":{"uv":[12.0,2.0,13.0,3.0],"texture":"#0","rotation":270,"tintindex":0},"west":{"uv":[12.0,2.0,14.0,3.0],"texture":"#0","rotation":0,"tintindex":0},"up":{"uv":[14.0,2.0,12.0,3.0],"texture":"#0","rotation":270,"tintindex":0},"down":{"uv":[12.0,2.0,14.0,3.0],"texture":"#0","rotation":270,"tintindex":0}}},{"from":[13.0,0.0,12.0],"to":[14.0,1.0,14.0],"shade":false,"faces":{"north":{"uv":[12.0,2.0,13.0,3.0],"texture":"#0","rotation":90,"tintindex":0},"east":{"uv":[12.0,2.0,14.0,3.0],"texture":"#0","rotation":180,"tintindex":0},"south":{"uv":[12.0,2.0,13.0,3.0],"texture":"#0","rotation":270,"tintindex":0},"west":{"uv":[14.0,2.0,12.0,3.0],"texture":"#0","rotation":0,"tintindex":0},"up":{"uv":[12.0,2.0,14.0,3.0],"texture":"#0","rotation":270,"tintindex":0},"down":{"uv":[12.0,2.0,14.0,3.0],"texture":"#0","rotation":270,"tintindex":0}}},{"from":[2.0,0.0,12.0],"to":[3.0,1.0,14.0],"shade":false,"faces":{"north":{"uv":[12.0,2.0,13.0,3.0],"texture":"#0","rotation":90,"tintindex":0},"east":{"uv":[12.0,2.0,14.0,3.0],"texture":"#0","rotation":180,"tintindex":0},"south":{"uv":[12.0,2.0,13.0,3.0],"texture":"#0","rotation":270,"tintindex":0},"west":{"uv":[12.0,2.0,14.0,3.0],"texture":"#0","rotation":0,"tintindex":0},"up":{"uv":[14.0,2.0,12.0,3.0],"texture":"#0","rotation":270,"tintindex":0},"down":{"uv":[12.0,2.0,14.0,3.0],"texture":"#0","rotation":270,"tintindex":0}}},{"from":[2.0,0.0,2.0],"to":[3.0,1.0,4.0],"shade":false,"faces":{"north":{"uv":[2.0,2.0,3.0,3.0],"texture":"#0","rotation":90,"tintindex":0},"east":{"uv":[2.0,2.0,4.0,3.0],"texture":"#0","rotation":180,"tintindex":0},"south":{"uv":[2.0,2.0,3.0,3.0],"texture":"#0","rotation":270,"tintindex":0},"west":{"uv":[2.0,2.0,4.0,3.0],"texture":"#0","rotation":0,"tintindex":0},"up":{"uv":[4.0,2.0,2.0,3.0],"texture":"#0","rotation":270,"tintindex":0},"down":{"uv":[2.0,2.0,4.0,3.0],"texture":"#0","rotation":270,"tintindex":0}}},{"from":[15.0,14.0,1.0],"to":[16.0,16.0,15.0],"shade":false,"faces":{"north":{"uv":[1.0,0.0,2.0,2.0],"texture":"#0","rotation":0,"tintindex":0},"east":{"uv":[15.0,2.0,1.0,0.0],"texture":"#0","rotation":0,"tintindex":0},"south":{"uv":[14.0,0.0,15.0,2.0],"texture":"#0","rotation":0,"tintindex":0},"west":{"uv":[1.0,0.0,15.0,2.0],"texture":"#0","rotation":0,"tintindex":0},"up":{"uv":[1.0,0.0,15.0,1.0],"texture":"#0","rotation":90,"tintindex":0},"down":{"uv":[1.0,1.0,15.0,2.0],"texture":"#0","rotation":270,"tintindex":0}}},{"from":[15.0,0.0,1.0],"to":[16.0,2.0,15.0],"shade":false,"faces":{"north":{"uv":[1.0,14.0,2.0,16.0],"texture":"#0","rotation":0,"tintindex":0},"east":{"uv":[15.0,16.0,1.0,14.0],"texture":"#0","rotation":0,"tintindex":0},"south":{"uv":[14.0,14.0,15.0,16.0],"texture":"#0","rotation":0,"tintindex":0},"west":{"uv":[1.0,14.0,15.0,16.0],"texture":"#0","rotation":0,"tintindex":0},"up":{"uv":[1.0,14.0,15.0,15.0],"texture":"#0","rotation":90,"tintindex":0},"down":{"uv":[1.0,15.0,15.0,16.0],"texture":"#0","rotation":270,"tintindex":0}}},{"from":[15.0,3.0,2.0],"to":[16.0,13.0,4.0],"shade":false,"faces":{"east":{"uv":[12.0,3.0,14.0,13.0],"texture":"#0","rotation":0,"tintindex":0},"west":{"uv":[2.0,13.0,4.0,3.0],"texture":"#0","rotation":0,"tintindex":0}}},{"from":[15.0,3.0,12.0],"to":[16.0,13.0,14.0],"shade":false,"faces":{"east":{"uv":[2.0,3.0,4.0,13.0],"texture":"#0","rotation":0,"tintindex":0},"west":{"uv":[12.0,13.0,14.0,3.0],"texture":"#0","rotation":0,"tintindex":0}}},{"from":[15.0,2.0,4.0],"to":[16.0,14.0,12.0],"shade":false,"faces":{"east":{"uv":[4.0,2.0,12.0,14.0],"texture":"#0","rotation":0,"tintindex":0},"west":{"uv":[4.0,14.0,12.0,2.0],"texture":"#0","rotation":0,"tintindex":0}}},{"from":[15.0,2.0,1.0],"to":[16.0,14.0,2.0],"shade":false,"faces":{"north":{"uv":[1.0,2.0,2.0,14.0],"texture":"#0","rotation":0,"tintindex":0},"east":{"uv":[2.0,2.0,1.0,14.0],"texture":"#0","rotation":0,"tintindex":0},"south":{"uv":[1.0,2.0,2.0,14.0],"texture":"#0","rotation":0,"tintindex":0},"west":{"uv":[1.0,2.0,2.0,14.0],"texture":"#0","rotation":0,"tintindex":0},"up":{"uv":[1.0,2.0,2.0,3.0],"texture":"#0","rotation":90,"tintindex":0},"down":{"uv":[1.0,13.0,2.0,14.0],"texture":"#0","rotation":270,"tintindex":0}}},{"from":[15.0,2.0,14.0],"to":[16.0,14.0,15.0],"shade":false,"faces":{"north":{"uv":[14.0,2.0,15.0,14.0],"texture":"#0","rotation":0,"tintindex":0},"east":{"uv":[15.0,2.0,14.0,14.0],"texture":"#0","rotation":0,"tintindex":0},"south":{"uv":[14.0,2.0,15.0,14.0],"texture":"#0","rotation":0,"tintindex":0},"west":{"uv":[14.0,2.0,15.0,14.0],"texture":"#0","rotation":0,"tintindex":0},"up":{"uv":[14.0,2.0,15.0,3.0],"texture":"#0","rotation":90,"tintindex":0},"down":{"uv":[14.0,13.0,15.0,14.0],"texture":"#0","rotation":270,"tintindex":0}}},{"from":[15.0,2.0,2.0],"to":[16.0,3.0,4.0],"shade":false,"faces":{"north":{"uv":[12.0,2.0,13.0,3.0],"texture":"#0","rotation":0,"tintindex":0},"east":{"uv":[14.0,2.0,12.0,3.0],"texture":"#0","rotation":0,"tintindex":0},"south":{"uv":[12.0,2.0,13.0,3.0],"texture":"#0","rotation":0,"tintindex":0},"west":{"uv":[12.0,2.0,14.0,3.0],"texture":"#0","rotation":0,"tintindex":0},"up":{"uv":[12.0,2.0,14.0,3.0],"texture":"#0","rotation":90,"tintindex":0},"down":{"uv":[12.0,2.0,14.0,3.0],"texture":"#0","rotation":270,"tintindex":0}}},{"from":[15.0,2.0,12.0],"to":[16.0,3.0,14.0],"shade":false,"faces":{"north":{"uv":[12.0,2.0,13.0,3.0],"texture":"#0","rotation":0,"tintindex":0},"east":{"uv":[12.0,2.0,14.0,3.0],"texture":"#0","rotation":0,"tintindex":0},"south":{"uv":[12.0,2.0,13.0,3.0],"texture":"#0","rotation":0,"tintindex":0},"west":{"uv":[12.0,2.0,14.0,3.0],"texture":"#0","rotation":0,"tintindex":0},"up":{"uv":[14.0,2.0,12.0,3.0],"texture":"#0","rotation":90,"tintindex":0},"down":{"uv":[12.0,2.0,14.0,3.0],"texture":"#0","rotation":270,"tintindex":0}}},{"from":[15.0,13.0,12.0],"to":[16.0,14.0,14.0],"shade":false,"faces":{"north":{"uv":[12.0,2.0,13.0,3.0],"texture":"#0","rotation":0,"tintindex":0},"east":{"uv":[14.0,2.0,12.0,3.0],"texture":"#0","rotation":0,"tintindex":0},"south":{"uv":[12.0,2.0,13.0,3.0],"texture":"#0","rotation":0,"tintindex":0},"west":{"uv":[12.0,2.0,14.0,3.0],"texture":"#0","rotation":0,"tintindex":0},"up":{"uv":[12.0,2.0,14.0,3.0],"texture":"#0","rotation":90,"tintindex":0},"down":{"uv":[12.0,2.0,14.0,3.0],"texture":"#0","rotation":270,"tintindex":0}}},{"from":[15.0,13.0,2.0],"to":[16.0,14.0,4.0],"shade":false,"faces":{"north":{"uv":[2.0,2.0,3.0,3.0],"texture":"#0","rotation":0,"tintindex":0},"east":{"uv":[4.0,2.0,2.0,3.0],"texture":"#0","rotation":0,"tintindex":0},"south":{"uv":[2.0,2.0,3.0,3.0],"texture":"#0","rotation":0,"tintindex":0},"west":{"uv":[2.0,2.0,4.0,3.0],"texture":"#0","rotation":0,"tintindex":0},"up":{"uv":[2.0,2.0,4.0,3.0],"texture":"#0","rotation":90,"tintindex":0},"down":{"uv":[2.0,2.0,4.0,3.0],"texture":"#0","rotation":270,"tintindex":0}}}]}