{"parent":"block/block","textures":{"particle":"block/tnt_side","side":"block/tnt_side","top":"block/tnt_top","bottom":"block/tnt_bottom"},"elements":[{"from":[4.0,0.0,4.0],"to":[12.0,8.0,12.0],"shade":false,"faces":{"down":{"uv":[0.0,0.0,16.0,16.0],"texture":"#bottom","rotation":0,"tintindex":0},"east":{"uv":[0.0,0.0,16.0,16.0],"texture":"#side","rotation":0,"tintindex":0},"north":{"uv":[0.0,0.0,16.0,16.0],"texture":"#side","rotation":0,"tintindex":0},"south":{"uv":[0.0,0.0,16.0,16.0],"texture":"#side","rotation":0,"tintindex":0},"up":{"uv":[0.0,0.0,16.0,16.0],"texture":"#top","rotation":0,"tintindex":0},"west":{"uv":[0.0,0.0,16.0,16.0],"texture":"#side","rotation":0,"tintindex":0}}}]}